/*
Navicat MySQL Data Transfer

Source Server         : localhost
Source Server Version : 50712
Source Host           : localhost:3306
Source Database       : shiro

Target Server Type    : MYSQL
Target Server Version : 50712
File Encoding         : 65001

Date: 2016-09-30 22:20:32
*/

SET FOREIGN_KEY_CHECKS=0;

-- ----------------------------
-- Table structure for `organization`
-- ----------------------------
DROP TABLE IF EXISTS `organization`;
CREATE TABLE `organization` (
  `id` bigint(19) NOT NULL AUTO_INCREMENT,
  `name` varchar(64) NOT NULL,
  `address` varchar(100) DEFAULT NULL,
  `code` varchar(64) NOT NULL,
  `icon` varchar(32) DEFAULT NULL,
  `pid` bigint(19) DEFAULT NULL,
  `seq` tinyint(2) NOT NULL DEFAULT '0',
  `createdate` datetime NOT NULL,
  PRIMARY KEY (`id`)
) ENGINE=InnoDB AUTO_INCREMENT=7 DEFAULT CHARSET=utf8 COMMENT='组织机构';

-- ----------------------------
-- Records of organization
-- ----------------------------
INSERT INTO `organization` VALUES ('1', '总经办', '', '01', 'icon-company', null, '0', '2014-02-19 01:00:00');
INSERT INTO `organization` VALUES ('3', '技术部', '', '02', 'icon-company', null, '1', '2015-10-01 13:10:42');
INSERT INTO `organization` VALUES ('5', '产品部', '', '03', 'icon-company', null, '2', '2015-12-06 12:15:30');
INSERT INTO `organization` VALUES ('6', '测试组', '', '04', 'icon-folder', '3', '0', '2015-12-06 13:12:18');

-- ----------------------------
-- Table structure for `resource`
-- ----------------------------
DROP TABLE IF EXISTS `resource`;
CREATE TABLE `resource` (
  `id` bigint(19) NOT NULL AUTO_INCREMENT,
  `name` varchar(64) NOT NULL,
  `url` varchar(100) DEFAULT NULL,
  `description` varchar(255) DEFAULT NULL,
  `icon` varchar(32) DEFAULT NULL,
  `pid` bigint(19) DEFAULT NULL,
  `seq` tinyint(2) NOT NULL DEFAULT '0',
  `status` tinyint(2) NOT NULL DEFAULT '0',
  `resourcetype` tinyint(2) NOT NULL DEFAULT '0',
  `createdate` datetime NOT NULL,
  PRIMARY KEY (`id`)
) ENGINE=InnoDB AUTO_INCREMENT=229 DEFAULT CHARSET=utf8 COMMENT='资源';

-- ----------------------------
-- Records of resource
-- ----------------------------
INSERT INTO `resource` VALUES ('1', '权限管理', '', '系统管理', 'icon-company', null, '0', '0', '0', '2014-02-19 01:00:00');
INSERT INTO `resource` VALUES ('11', '资源管理', '/resource/manager', '资源管理', 'menu_icon_datadeal', '1', '1', '0', '0', '2014-02-19 01:00:00');
INSERT INTO `resource` VALUES ('12', '角色管理', '/role/manager', '角色管理', 'menu_icon_datadeal', '1', '2', '0', '0', '2014-02-19 01:00:00');
INSERT INTO `resource` VALUES ('13', '用户管理', '/user/manager', '用户管理', 'menu_icon_datadeal', '1', '3', '0', '0', '2014-02-19 01:00:00');
INSERT INTO `resource` VALUES ('14', '部门管理', '/organization/manager', '部门管理', 'menu_icon_datadeal', '1', '4', '0', '0', '2014-02-19 01:00:00');
INSERT INTO `resource` VALUES ('111', '列表', '/resource/treeGrid', '资源列表', 'icon-list', '11', '0', '0', '1', '2014-02-19 01:00:00');
INSERT INTO `resource` VALUES ('112', '添加', '/resource/add', '资源添加', 'icon-add', '11', '0', '0', '1', '2014-02-19 01:00:00');
INSERT INTO `resource` VALUES ('113', '编辑', '/resource/edit', '资源编辑', 'icon-edit', '11', '0', '0', '1', '2014-02-19 01:00:00');
INSERT INTO `resource` VALUES ('114', '删除', '/resource/delete', '资源删除', 'icon-del', '11', '0', '0', '1', '2014-02-19 01:00:00');
INSERT INTO `resource` VALUES ('121', '列表', '/role/dataGrid', '角色列表', 'icon-list', '12', '0', '0', '1', '2014-02-19 01:00:00');
INSERT INTO `resource` VALUES ('122', '添加', '/role/add', '角色添加', 'icon-add', '12', '0', '0', '1', '2014-02-19 01:00:00');
INSERT INTO `resource` VALUES ('123', '编辑', '/role/edit', '角色编辑', 'icon-edit', '12', '0', '0', '1', '2014-02-19 01:00:00');
INSERT INTO `resource` VALUES ('124', '删除', '/role/delete', '角色删除', 'icon-del', '12', '0', '0', '1', '2014-02-19 01:00:00');
INSERT INTO `resource` VALUES ('125', '授权', '/role/grant', '角色授权', 'icon-ok', '12', '0', '0', '1', '2014-02-19 01:00:00');
INSERT INTO `resource` VALUES ('131', '列表', '/user/dataGrid', '用户列表', 'icon-list', '13', '0', '0', '1', '2014-02-19 01:00:00');
INSERT INTO `resource` VALUES ('132', '添加', '/user/add', '用户添加', 'icon-add', '13', '0', '0', '1', '2014-02-19 01:00:00');
INSERT INTO `resource` VALUES ('133', '编辑', '/user/edit', '用户编辑', 'icon-edit', '13', '0', '0', '1', '2014-02-19 01:00:00');
INSERT INTO `resource` VALUES ('134', '删除', '/user/delete', '用户删除', 'icon-del', '13', '0', '0', '1', '2014-02-19 01:00:00');
INSERT INTO `resource` VALUES ('141', '列表', '/organization/treeGrid', '用户列表', 'icon-list', '14', '0', '0', '1', '2014-02-19 01:00:00');
INSERT INTO `resource` VALUES ('142', '添加', '/organization/add', '部门添加', 'icon-add', '14', '0', '0', '1', '2014-02-19 01:00:00');
INSERT INTO `resource` VALUES ('143', '编辑', '/organization/edit', '部门编辑', 'icon-edit', '14', '0', '0', '1', '2014-02-19 01:00:00');
INSERT INTO `resource` VALUES ('144', '删除', '/organization/delete', '部门删除', 'icon-del', '14', '0', '0', '1', '2014-02-19 01:00:00');
INSERT INTO `resource` VALUES ('221', '日志监控', '', null, 'icon-company', null, '2', '0', '0', '2015-12-01 11:44:20');
INSERT INTO `resource` VALUES ('222', '视频教程', '', null, 'icon-company', null, '1', '0', '0', '2015-12-06 12:40:42');
INSERT INTO `resource` VALUES ('223', '官方网站', 'http://www.dreamlu.net/', null, 'menu_icon_datadeal', '222', '0', '0', '0', '2015-12-06 12:42:42');
INSERT INTO `resource` VALUES ('224', 'jfinal视频', 'http://blog.dreamlu.net/blog/79', null, 'menu_icon_datadeal', '222', '1', '0', '0', '2015-12-06 12:45:28');
INSERT INTO `resource` VALUES ('226', '修改密码', '/user/editPwdPage', null, 'icon-edit', null, '3', '0', '1', '2015-12-07 20:23:06');
INSERT INTO `resource` VALUES ('227', '登录日志', '/sysLog/manager', null, 'menu_icon_datadeal', '221', '0', '0', '0', '2016-09-30 22:10:53');
INSERT INTO `resource` VALUES ('228', 'Druid监控', '/druid', null, 'menu_icon_datadeal', '221', '0', '0', '0', '2016-09-30 22:12:50');

-- ----------------------------
-- Table structure for `role`
-- ----------------------------
DROP TABLE IF EXISTS `role`;
CREATE TABLE `role` (
  `id` bigint(19) NOT NULL AUTO_INCREMENT,
  `name` varchar(64) NOT NULL,
  `seq` tinyint(2) NOT NULL DEFAULT '0',
  `description` varchar(255) DEFAULT NULL,
  `status` tinyint(2) NOT NULL DEFAULT '0',
  PRIMARY KEY (`id`)
) ENGINE=InnoDB AUTO_INCREMENT=9 DEFAULT CHARSET=utf8 COMMENT='角色';

-- ----------------------------
-- Records of role
-- ----------------------------
INSERT INTO `role` VALUES ('1', '超级管理员', '0', '超级管理员', '0');
INSERT INTO `role` VALUES ('2', '技术部经理', '0', '技术部经理', '0');
INSERT INTO `role` VALUES ('7', '产品部经理', '0', '产品部经理', '0');
INSERT INTO `role` VALUES ('8', '测试账户', '0', '测试账户', '0');

-- ----------------------------
-- Table structure for `role_resource`
-- ----------------------------
DROP TABLE IF EXISTS `role_resource`;
CREATE TABLE `role_resource` (
  `id` bigint(19) NOT NULL AUTO_INCREMENT,
  `role_id` bigint(19) NOT NULL,
  `resource_id` bigint(19) NOT NULL,
  PRIMARY KEY (`id`)
) ENGINE=InnoDB AUTO_INCREMENT=463 DEFAULT CHARSET=utf8 COMMENT='角色资源';

-- ----------------------------
-- Records of role_resource
-- ----------------------------
INSERT INTO `role_resource` VALUES ('158', '3', '1');
INSERT INTO `role_resource` VALUES ('159', '3', '11');
INSERT INTO `role_resource` VALUES ('160', '3', '111');
INSERT INTO `role_resource` VALUES ('161', '3', '112');
INSERT INTO `role_resource` VALUES ('162', '3', '113');
INSERT INTO `role_resource` VALUES ('163', '3', '114');
INSERT INTO `role_resource` VALUES ('164', '3', '12');
INSERT INTO `role_resource` VALUES ('165', '3', '121');
INSERT INTO `role_resource` VALUES ('166', '3', '122');
INSERT INTO `role_resource` VALUES ('167', '3', '123');
INSERT INTO `role_resource` VALUES ('168', '3', '124');
INSERT INTO `role_resource` VALUES ('169', '3', '125');
INSERT INTO `role_resource` VALUES ('170', '3', '13');
INSERT INTO `role_resource` VALUES ('171', '3', '131');
INSERT INTO `role_resource` VALUES ('172', '3', '132');
INSERT INTO `role_resource` VALUES ('173', '3', '133');
INSERT INTO `role_resource` VALUES ('174', '3', '134');
INSERT INTO `role_resource` VALUES ('175', '3', '14');
INSERT INTO `role_resource` VALUES ('176', '3', '141');
INSERT INTO `role_resource` VALUES ('177', '3', '142');
INSERT INTO `role_resource` VALUES ('178', '3', '143');
INSERT INTO `role_resource` VALUES ('179', '3', '144');
INSERT INTO `role_resource` VALUES ('359', '7', '1');
INSERT INTO `role_resource` VALUES ('360', '7', '14');
INSERT INTO `role_resource` VALUES ('361', '7', '141');
INSERT INTO `role_resource` VALUES ('362', '7', '142');
INSERT INTO `role_resource` VALUES ('363', '7', '143');
INSERT INTO `role_resource` VALUES ('364', '7', '222');
INSERT INTO `role_resource` VALUES ('365', '7', '223');
INSERT INTO `role_resource` VALUES ('366', '7', '224');
INSERT INTO `role_resource` VALUES ('367', '7', '221');
INSERT INTO `role_resource` VALUES ('368', '7', '226');
INSERT INTO `role_resource` VALUES ('409', '1', '1');
INSERT INTO `role_resource` VALUES ('410', '1', '11');
INSERT INTO `role_resource` VALUES ('411', '1', '111');
INSERT INTO `role_resource` VALUES ('412', '1', '112');
INSERT INTO `role_resource` VALUES ('413', '1', '113');
INSERT INTO `role_resource` VALUES ('414', '1', '114');
INSERT INTO `role_resource` VALUES ('415', '1', '12');
INSERT INTO `role_resource` VALUES ('416', '1', '121');
INSERT INTO `role_resource` VALUES ('417', '1', '122');
INSERT INTO `role_resource` VALUES ('418', '1', '123');
INSERT INTO `role_resource` VALUES ('419', '1', '124');
INSERT INTO `role_resource` VALUES ('420', '1', '125');
INSERT INTO `role_resource` VALUES ('421', '1', '13');
INSERT INTO `role_resource` VALUES ('422', '1', '131');
INSERT INTO `role_resource` VALUES ('423', '1', '132');
INSERT INTO `role_resource` VALUES ('424', '1', '133');
INSERT INTO `role_resource` VALUES ('425', '1', '134');
INSERT INTO `role_resource` VALUES ('426', '1', '14');
INSERT INTO `role_resource` VALUES ('427', '1', '141');
INSERT INTO `role_resource` VALUES ('428', '1', '142');
INSERT INTO `role_resource` VALUES ('429', '1', '143');
INSERT INTO `role_resource` VALUES ('430', '1', '144');
INSERT INTO `role_resource` VALUES ('431', '1', '222');
INSERT INTO `role_resource` VALUES ('432', '1', '223');
INSERT INTO `role_resource` VALUES ('433', '1', '224');
INSERT INTO `role_resource` VALUES ('434', '1', '221');
INSERT INTO `role_resource` VALUES ('435', '1', '227');
INSERT INTO `role_resource` VALUES ('436', '1', '228');
INSERT INTO `role_resource` VALUES ('437', '2', '1');
INSERT INTO `role_resource` VALUES ('438', '2', '13');
INSERT INTO `role_resource` VALUES ('439', '2', '131');
INSERT INTO `role_resource` VALUES ('440', '2', '132');
INSERT INTO `role_resource` VALUES ('441', '2', '133');
INSERT INTO `role_resource` VALUES ('442', '2', '222');
INSERT INTO `role_resource` VALUES ('443', '2', '223');
INSERT INTO `role_resource` VALUES ('444', '2', '224');
INSERT INTO `role_resource` VALUES ('445', '2', '221');
INSERT INTO `role_resource` VALUES ('446', '2', '227');
INSERT INTO `role_resource` VALUES ('447', '2', '228');
INSERT INTO `role_resource` VALUES ('448', '8', '1');
INSERT INTO `role_resource` VALUES ('449', '8', '11');
INSERT INTO `role_resource` VALUES ('450', '8', '111');
INSERT INTO `role_resource` VALUES ('451', '8', '12');
INSERT INTO `role_resource` VALUES ('452', '8', '121');
INSERT INTO `role_resource` VALUES ('453', '8', '13');
INSERT INTO `role_resource` VALUES ('454', '8', '131');
INSERT INTO `role_resource` VALUES ('455', '8', '14');
INSERT INTO `role_resource` VALUES ('456', '8', '141');
INSERT INTO `role_resource` VALUES ('457', '8', '222');
INSERT INTO `role_resource` VALUES ('458', '8', '223');
INSERT INTO `role_resource` VALUES ('459', '8', '224');
INSERT INTO `role_resource` VALUES ('460', '8', '221');
INSERT INTO `role_resource` VALUES ('461', '8', '227');
INSERT INTO `role_resource` VALUES ('462', '8', '228');

-- ----------------------------
-- Table structure for `syslog`
-- ----------------------------
DROP TABLE IF EXISTS `syslog`;
CREATE TABLE `syslog` (
  `id` bigint(20) NOT NULL AUTO_INCREMENT,
  `login_name` varchar(255) DEFAULT NULL,
  `role_name` varchar(255) DEFAULT NULL,
  `opt_content` varchar(1024) DEFAULT NULL,
  `client_ip` varchar(255) DEFAULT NULL,
  `create_time` datetime DEFAULT NULL,
  PRIMARY KEY (`id`)
) ENGINE=InnoDB AUTO_INCREMENT=382 DEFAULT CHARSET=utf8;

-- ----------------------------
-- Records of syslog
-- ----------------------------
INSERT INTO `syslog` VALUES ('3', 'admin', 'admin', '[类名]:com.wangzhixuan.controller.LoginController,[方法]:login,[参数]:null', '127.0.0.1', '2015-10-30 17:58:44');
INSERT INTO `syslog` VALUES ('4', 'admin', 'admin', '[类名]:com.wangzhixuan.controller.LoginController,[方法]:loginPost,[参数]:username=admin&password=admin&', '127.0.0.1', '2015-10-30 17:58:59');
INSERT INTO `syslog` VALUES ('5', 'admin', 'admin', '[类名]:com.wangzhixuan.controller.LoginController,[方法]:login,[参数]:null', '127.0.0.1', '2015-11-02 10:35:25');
INSERT INTO `syslog` VALUES ('6', 'admin', 'admin', '[类名]:com.wangzhixuan.controller.LoginController,[方法]:loginPost,[参数]:username=admin&password=admin&', '127.0.0.1', '2015-11-02 10:35:42');
INSERT INTO `syslog` VALUES ('7', 'admin', 'admin', '[类名]:com.wangzhixuan.controller.LoginController,[方法]:login,[参数]:null', '127.0.0.1', '2015-11-02 10:43:17');
INSERT INTO `syslog` VALUES ('8', 'admin', 'admin', '[类名]:com.wangzhixuan.controller.LoginController,[方法]:loginPost,[参数]:username=admin&password=admin&', '127.0.0.1', '2015-11-02 10:43:42');
INSERT INTO `syslog` VALUES ('9', 'admin', 'admin', '[类名]:com.wangzhixuan.controller.LoginController,[方法]:login,[参数]:null', '127.0.0.1', '2015-11-02 17:44:45');
INSERT INTO `syslog` VALUES ('10', 'admin', 'admin', '[类名]:com.wangzhixuan.controller.LoginController,[方法]:loginPost,[参数]:username=admin&password=admin&', '127.0.0.1', '2015-11-02 17:44:49');
INSERT INTO `syslog` VALUES ('11', 'admin', 'admin', '[类名]:com.wangzhixuan.controller.LoginController,[方法]:login,[参数]:null', '127.0.0.1', '2015-11-18 19:14:16');
INSERT INTO `syslog` VALUES ('12', 'admin', 'admin', '[类名]:com.wangzhixuan.controller.LoginController,[方法]:loginPost,[参数]:username=admin&password=admin&', '127.0.0.1', '2015-11-18 19:14:21');
INSERT INTO `syslog` VALUES ('13', 'admin', 'admin', '[类名]:com.wangzhixuan.controller.ResourceController,[方法]:editPage,[参数]:id=218&_=1448724292127&', '127.0.0.1', '2015-11-28 23:25:25');
INSERT INTO `syslog` VALUES ('14', 'admin', 'admin', '[类名]:com.wangzhixuan.controller.ResourceController,[方法]:edit,[参数]:id=218&icon=&status=0&name=测试&seq=0&pid=216&resourcetype=0&url=/sysLog/manager&', '127.0.0.1', '2015-11-28 23:26:06');
INSERT INTO `syslog` VALUES ('15', 'admin', 'admin', '[类名]:com.wangzhixuan.controller.LoginController,[方法]:login,[参数]:null', '127.0.0.1', '2015-11-28 23:52:39');
INSERT INTO `syslog` VALUES ('16', 'admin', 'admin', '[类名]:com.wangzhixuan.controller.LoginController,[方法]:login,[参数]:null', '127.0.0.1', '2015-11-28 23:53:26');
INSERT INTO `syslog` VALUES ('17', 'admin', 'admin', '[类名]:com.wangzhixuan.controller.LoginController,[方法]:login,[参数]:null', '127.0.0.1', '2015-11-29 14:36:08');
INSERT INTO `syslog` VALUES ('18', 'admin', 'admin', '[类名]:com.wangzhixuan.controller.LoginController,[方法]:loginPost,[参数]:username=admin&password=admin&', '127.0.0.1', '2015-11-29 14:36:44');
INSERT INTO `syslog` VALUES ('19', 'admin', 'admin', '[类名]:com.wangzhixuan.controller.LoginController,[方法]:logout,[参数]:null', '127.0.0.1', '2015-11-29 18:40:59');
INSERT INTO `syslog` VALUES ('20', 'admin', 'admin', '[类名]:com.wangzhixuan.controller.LoginController,[方法]:logout,[参数]:null', '127.0.0.1', '2015-11-29 18:41:02');
INSERT INTO `syslog` VALUES ('21', 'admin', 'admin', '[类名]:com.wangzhixuan.controller.LoginController,[方法]:login,[参数]:null', '127.0.0.1', '2015-11-29 18:41:20');
INSERT INTO `syslog` VALUES ('22', 'admin', 'admin', '[类名]:com.wangzhixuan.controller.LoginController,[方法]:logout,[参数]:null', '127.0.0.1', '2015-11-29 18:42:09');
INSERT INTO `syslog` VALUES ('23', 'admin', 'admin', '[类名]:com.wangzhixuan.controller.LoginController,[方法]:logout,[参数]:null', '127.0.0.1', '2015-11-29 18:44:48');
INSERT INTO `syslog` VALUES ('24', 'admin', 'admin', '[类名]:com.wangzhixuan.controller.LoginController,[方法]:logout,[参数]:null', '127.0.0.1', '2015-11-29 23:38:07');
INSERT INTO `syslog` VALUES ('25', 'admin', 'admin', '[类名]:com.wangzhixuan.controller.LoginController,[方法]:logout,[参数]:null', '127.0.0.1', '2015-11-30 13:00:37');
INSERT INTO `syslog` VALUES ('26', 'admin', 'admin', '[类名]:com.wangzhixuan.controller.LoginController,[方法]:logout,[参数]:null', '127.0.0.1', '2015-11-30 13:05:38');
INSERT INTO `syslog` VALUES ('27', 'admin', 'admin', '[类名]:com.wangzhixuan.controller.LoginController,[方法]:logout,[参数]:null', '127.0.0.1', '2015-11-30 13:08:32');
INSERT INTO `syslog` VALUES ('28', 'admin', 'admin', '[类名]:com.wangzhixuan.controller.LoginController,[方法]:logout,[参数]:null', '127.0.0.1', '2015-11-30 13:09:35');
INSERT INTO `syslog` VALUES ('29', 'qaz', 'admin', '[类名]:com.wangzhixuan.controller.LoginController,[方法]:logout,[参数]:null', '127.0.0.1', '2015-11-30 13:10:05');
INSERT INTO `syslog` VALUES ('30', 'qaz', 'admin', '[类名]:com.wangzhixuan.controller.LoginController,[方法]:logout,[参数]:null', '127.0.0.1', '2015-11-30 13:12:46');
INSERT INTO `syslog` VALUES ('31', 'admin', 'admin', '[类名]:com.wangzhixuan.controller.LoginController,[方法]:login,[参数]:null', '127.0.0.1', '2015-11-30 13:12:52');
INSERT INTO `syslog` VALUES ('32', 'admin', 'admin', '[类名]:com.wangzhixuan.controller.LoginController,[方法]:logout,[参数]:null', '127.0.0.1', '2015-11-30 13:12:56');
INSERT INTO `syslog` VALUES ('33', 'admin', 'admin', '[类名]:com.wangzhixuan.controller.OrganizationController,[方法]:editPage,[参数]:id=4&_=1448937800548&', '127.0.0.1', '2015-12-01 10:43:36');
INSERT INTO `syslog` VALUES ('34', 'admin', 'admin', '[类名]:com.wangzhixuan.controller.OrganizationController,[方法]:delete,[参数]:id=4&', '127.0.0.1', '2015-12-01 10:43:43');
INSERT INTO `syslog` VALUES ('35', 'admin', 'admin', '[类名]:com.wangzhixuan.controller.ResourceController,[方法]:editPage,[参数]:id=218&_=1448937800549&', '127.0.0.1', '2015-12-01 10:44:06');
INSERT INTO `syslog` VALUES ('36', 'admin', 'admin', '[类名]:com.wangzhixuan.controller.ResourceController,[方法]:edit,[参数]:id=218&icon=&status=0&name=日志管理&seq=0&pid=&resourcetype=0&url=/sysLog/manager&', '127.0.0.1', '2015-12-01 10:44:27');
INSERT INTO `syslog` VALUES ('37', 'admin', 'admin', '[类名]:com.wangzhixuan.controller.LoginController,[方法]:logout,[参数]:null', '127.0.0.1', '2015-12-01 11:08:57');
INSERT INTO `syslog` VALUES ('38', 'admin', 'admin', '[类名]:com.wangzhixuan.controller.ResourceController,[方法]:delete,[参数]:id=219&', '127.0.0.1', '2015-12-01 11:09:21');
INSERT INTO `syslog` VALUES ('39', 'admin', 'admin', '[类名]:com.wangzhixuan.controller.ResourceController,[方法]:editPage,[参数]:id=218&_=1448939340536&', '127.0.0.1', '2015-12-01 11:09:38');
INSERT INTO `syslog` VALUES ('40', 'admin', 'admin', '[类名]:com.wangzhixuan.controller.ResourceController,[方法]:edit,[参数]:id=218&icon=&status=0&name=日志管理&seq=0&pid=&resourcetype=0&url=/sysLog/manager&', '127.0.0.1', '2015-12-01 11:09:50');
INSERT INTO `syslog` VALUES ('41', 'admin', 'admin', '[类名]:com.wangzhixuan.controller.ResourceController,[方法]:delete,[参数]:id=217&', '127.0.0.1', '2015-12-01 11:10:06');
INSERT INTO `syslog` VALUES ('42', 'admin', 'admin', '[类名]:com.wangzhixuan.controller.OrganizationController,[方法]:editPage,[参数]:id=3&_=1448939340537&', '127.0.0.1', '2015-12-01 11:10:50');
INSERT INTO `syslog` VALUES ('43', 'admin', 'admin', '[类名]:com.wangzhixuan.controller.LoginController,[方法]:login,[参数]:null', '127.0.0.1', '2015-12-01 11:19:32');
INSERT INTO `syslog` VALUES ('44', 'admin', 'admin', '[类名]:com.wangzhixuan.controller.ResourceController,[方法]:editPage,[参数]:id=218&_=1448937870495&', '127.0.0.1', '2015-12-01 11:36:53');
INSERT INTO `syslog` VALUES ('45', 'admin', 'admin', '[类名]:com.wangzhixuan.controller.ResourceController,[方法]:edit,[参数]:id=218&icon=icon-folder&status=0&name=日志管理&seq=0&pid=216&resourcetype=0&url=/sysLog/manager&', '127.0.0.1', '2015-12-01 11:37:02');
INSERT INTO `syslog` VALUES ('46', 'admin', 'admin', '[类名]:com.wangzhixuan.controller.ResourceController,[方法]:editPage,[参数]:id=216&_=1448937870496&', '127.0.0.1', '2015-12-01 11:37:05');
INSERT INTO `syslog` VALUES ('47', 'admin', 'admin', '[类名]:com.wangzhixuan.controller.ResourceController,[方法]:addPage,[参数]:', null, '2015-12-01 11:37:10');
INSERT INTO `syslog` VALUES ('48', 'admin', 'admin', '[类名]:com.wangzhixuan.controller.ResourceController,[方法]:add,[参数]:icon=icon-folder&status=0&name=日志管理&seq=0&pid=&resourcetype=0&url=&', '127.0.0.1', '2015-12-01 11:37:27');
INSERT INTO `syslog` VALUES ('49', 'admin', 'admin', '[类名]:com.wangzhixuan.controller.ResourceController,[方法]:delete,[参数]:id=216&', '127.0.0.1', '2015-12-01 11:37:32');
INSERT INTO `syslog` VALUES ('50', 'admin', 'admin', '[类名]:com.wangzhixuan.controller.ResourceController,[方法]:delete,[参数]:id=220&', '127.0.0.1', '2015-12-01 11:37:37');
INSERT INTO `syslog` VALUES ('51', 'admin', 'admin', '[类名]:com.wangzhixuan.controller.LoginController,[方法]:logout,[参数]:null', '127.0.0.1', '2015-12-01 11:43:23');
INSERT INTO `syslog` VALUES ('52', 'admin', 'admin', '[类名]:com.wangzhixuan.controller.ResourceController,[方法]:editPage,[参数]:id=218&_=1448941407091&', '127.0.0.1', '2015-12-01 11:43:47');
INSERT INTO `syslog` VALUES ('53', 'admin', 'admin', '[类名]:com.wangzhixuan.controller.ResourceController,[方法]:edit,[参数]:id=218&icon=icon-folder&status=0&name=日志管理&seq=0&pid=216&resourcetype=0&url=&', '127.0.0.1', '2015-12-01 11:43:52');
INSERT INTO `syslog` VALUES ('54', 'admin', 'admin', '[类名]:com.wangzhixuan.controller.ResourceController,[方法]:editPage,[参数]:id=218&_=1448941407092&', '127.0.0.1', '2015-12-01 11:43:56');
INSERT INTO `syslog` VALUES ('55', 'admin', 'admin', '[类名]:com.wangzhixuan.controller.ResourceController,[方法]:edit,[参数]:id=218&icon=icon-folder&status=0&name=日志管理&seq=0&pid=&resourcetype=0&url=&', '127.0.0.1', '2015-12-01 11:44:02');
INSERT INTO `syslog` VALUES ('56', 'admin', 'admin', '[类名]:com.wangzhixuan.controller.ResourceController,[方法]:editPage,[参数]:id=218&_=1448941407093&', '127.0.0.1', '2015-12-01 11:44:04');
INSERT INTO `syslog` VALUES ('57', 'admin', 'admin', '[类名]:com.wangzhixuan.controller.ResourceController,[方法]:addPage,[参数]:', null, '2015-12-01 11:44:15');
INSERT INTO `syslog` VALUES ('58', 'admin', 'admin', '[类名]:com.wangzhixuan.controller.ResourceController,[方法]:add,[参数]:icon=&status=0&name=信息&seq=0&pid=&resourcetype=0&url=&', '127.0.0.1', '2015-12-01 11:44:20');
INSERT INTO `syslog` VALUES ('59', 'admin', 'admin', '[类名]:com.wangzhixuan.controller.ResourceController,[方法]:editPage,[参数]:id=221&_=1448941407095&', '127.0.0.1', '2015-12-01 11:44:24');
INSERT INTO `syslog` VALUES ('60', 'admin', 'admin', '[类名]:com.wangzhixuan.controller.ResourceController,[方法]:delete,[参数]:id=218&', '127.0.0.1', '2015-12-01 11:44:28');
INSERT INTO `syslog` VALUES ('61', 'admin', 'admin', '[类名]:com.wangzhixuan.controller.UserController,[方法]:editPwdPage,[参数]:', null, '2015-12-01 11:44:42');
INSERT INTO `syslog` VALUES ('62', 'admin', 'admin', '[类名]:com.wangzhixuan.controller.ResourceController,[方法]:editPage,[参数]:id=221&_=1448941473196&', '127.0.0.1', '2015-12-01 11:44:52');
INSERT INTO `syslog` VALUES ('63', 'admin', 'admin', '[类名]:com.wangzhixuan.controller.ResourceController,[方法]:edit,[参数]:id=221&icon=&status=0&name=日志管理&seq=0&pid=&resourcetype=0&url=&', '127.0.0.1', '2015-12-01 11:44:58');
INSERT INTO `syslog` VALUES ('64', 'admin', 'admin', '[类名]:com.wangzhixuan.controller.ResourceController,[方法]:editPage,[参数]:id=221&_=1448941473197&', '127.0.0.1', '2015-12-01 11:45:12');
INSERT INTO `syslog` VALUES ('65', 'admin', 'admin', '[类名]:com.wangzhixuan.controller.ResourceController,[方法]:editPage,[参数]:id=221&_=1448941473198&', '127.0.0.1', '2015-12-01 11:58:16');
INSERT INTO `syslog` VALUES ('66', 'admin', 'admin', '[类名]:com.wangzhixuan.controller.ResourceController,[方法]:edit,[参数]:id=221&icon=icon-company&status=0&name=日志管理&seq=0&pid=&resourcetype=0&url=&', '127.0.0.1', '2015-12-01 11:58:19');
INSERT INTO `syslog` VALUES ('67', 'admin', 'admin', '[类名]:com.wangzhixuan.controller.LoginController,[方法]:login,[参数]:null', '127.0.0.1', '2015-12-06 12:10:52');
INSERT INTO `syslog` VALUES ('68', 'admin', 'admin', '[类名]:com.wangzhixuan.controller.LoginController,[方法]:loginPost,[参数]:username=admin&password=admin&', '127.0.0.1', '2015-12-06 12:10:55');
INSERT INTO `syslog` VALUES ('69', 'admin', 'admin', '[类名]:com.wangzhixuan.controller.RoleController,[方法]:delete,[参数]:id=4&', '127.0.0.1', '2015-12-06 12:11:08');
INSERT INTO `syslog` VALUES ('70', 'admin', 'admin', '[类名]:com.wangzhixuan.controller.RoleController,[方法]:delete,[参数]:id=5&', '127.0.0.1', '2015-12-06 12:11:11');
INSERT INTO `syslog` VALUES ('71', 'admin', 'admin', '[类名]:com.wangzhixuan.controller.RoleController,[方法]:delete,[参数]:id=6&', '127.0.0.1', '2015-12-06 12:11:13');
INSERT INTO `syslog` VALUES ('72', 'admin', 'admin', '[类名]:com.wangzhixuan.controller.RoleController,[方法]:delete,[参数]:id=3&', '127.0.0.1', '2015-12-06 12:11:16');
INSERT INTO `syslog` VALUES ('73', 'admin', 'admin', '[类名]:com.wangzhixuan.controller.RoleController,[方法]:editPage,[参数]:id=2&_=1449375056663&', '127.0.0.1', '2015-12-06 12:11:19');
INSERT INTO `syslog` VALUES ('74', 'admin', 'admin', '[类名]:com.wangzhixuan.controller.RoleController,[方法]:edit,[参数]:id=2&status=0&description=技术部经理&name=技术部经理&seq=0&', '127.0.0.1', '2015-12-06 12:11:33');
INSERT INTO `syslog` VALUES ('75', 'admin', 'admin', '[类名]:com.wangzhixuan.controller.RoleController,[方法]:editPage,[参数]:id=1&_=1449375056664&', '127.0.0.1', '2015-12-06 12:11:35');
INSERT INTO `syslog` VALUES ('76', 'admin', 'admin', '[类名]:com.wangzhixuan.controller.RoleController,[方法]:edit,[参数]:id=1&status=0&description=超级管理员&name=超级管理员&seq=0&', '127.0.0.1', '2015-12-06 12:11:39');
INSERT INTO `syslog` VALUES ('77', 'admin', 'admin', '[类名]:com.wangzhixuan.controller.RoleController,[方法]:addPage,[参数]:', null, '2015-12-06 12:11:41');
INSERT INTO `syslog` VALUES ('78', 'admin', 'admin', '[类名]:com.wangzhixuan.controller.RoleController,[方法]:add,[参数]:status=0&description=产品部经理&name=产品部经理&seq=0&', '127.0.0.1', '2015-12-06 12:11:57');
INSERT INTO `syslog` VALUES ('79', 'admin', 'admin', '[类名]:com.wangzhixuan.controller.UserController,[方法]:editPage,[参数]:id=1&_=1449375056666&', '127.0.0.1', '2015-12-06 12:12:09');
INSERT INTO `syslog` VALUES ('80', 'admin', 'admin', '[类名]:com.wangzhixuan.controller.UserController,[方法]:edit,[参数]:id=1&loginname=admin&phone=18707173376&sex=0&status=0&age=18&name=admin&usertype=0&organizationId=1&password=&roleIds=1&', '127.0.0.1', '2015-12-06 12:12:37');
INSERT INTO `syslog` VALUES ('81', 'admin', 'admin', '[类名]:com.wangzhixuan.controller.UserController,[方法]:editPage,[参数]:id=13&_=1449375056667&', '127.0.0.1', '2015-12-06 12:12:42');
INSERT INTO `syslog` VALUES ('82', 'admin', 'admin', '[类名]:com.wangzhixuan.controller.UserController,[方法]:edit,[参数]:id=13&loginname=snoopy&phone=&sex=0&status=0&age=25&name=snoopy&usertype=1&organizationId=3&password=&roleIds=2&', '127.0.0.1', '2015-12-06 12:13:26');
INSERT INTO `syslog` VALUES ('83', 'admin', 'admin', '[类名]:com.wangzhixuan.controller.UserController,[方法]:editPage,[参数]:id=1&_=1449375056668&', '127.0.0.1', '2015-12-06 12:13:30');
INSERT INTO `syslog` VALUES ('84', 'admin', 'admin', '[类名]:com.wangzhixuan.controller.UserController,[方法]:edit,[参数]:id=1&loginname=admin&phone=18707173376&sex=0&status=0&age=25&name=admin&usertype=0&organizationId=1&password=&roleIds=1&', '127.0.0.1', '2015-12-06 12:13:36');
INSERT INTO `syslog` VALUES ('85', 'admin', 'admin', '[类名]:com.wangzhixuan.controller.UserController,[方法]:editPage,[参数]:id=13&_=1449375056669&', '127.0.0.1', '2015-12-06 12:13:40');
INSERT INTO `syslog` VALUES ('86', 'admin', 'admin', '[类名]:com.wangzhixuan.controller.UserController,[方法]:edit,[参数]:id=13&loginname=snoopy&phone=18707173376&sex=0&status=0&age=25&name=snoopy&usertype=1&organizationId=3&password=&roleIds=2&', '127.0.0.1', '2015-12-06 12:13:43');
INSERT INTO `syslog` VALUES ('87', 'admin', 'admin', '[类名]:com.wangzhixuan.controller.UserController,[方法]:editPage,[参数]:id=14&_=1449375056670&', '127.0.0.1', '2015-12-06 12:13:45');
INSERT INTO `syslog` VALUES ('88', 'admin', 'admin', '[类名]:com.wangzhixuan.controller.UserController,[方法]:edit,[参数]:id=14&loginname=dreamlu&phone=&sex=0&status=0&age=0&name=dreamlu&usertype=1&organizationId=3&password=123456&roleIds=7&', '127.0.0.1', '2015-12-06 12:14:37');
INSERT INTO `syslog` VALUES ('89', 'admin', 'admin', '[类名]:com.wangzhixuan.controller.UserController,[方法]:editPage,[参数]:id=13&_=1449375056671&', '127.0.0.1', '2015-12-06 12:14:41');
INSERT INTO `syslog` VALUES ('90', 'admin', 'admin', '[类名]:com.wangzhixuan.controller.UserController,[方法]:edit,[参数]:id=13&loginname=snoopy&phone=18707173376&sex=0&status=0&age=25&name=snoopy&usertype=1&organizationId=3&password=123456&roleIds=2&', '127.0.0.1', '2015-12-06 12:14:46');
INSERT INTO `syslog` VALUES ('91', 'admin', 'admin', '[类名]:com.wangzhixuan.controller.UserController,[方法]:editPage,[参数]:id=14&_=1449375056672&', '127.0.0.1', '2015-12-06 12:14:47');
INSERT INTO `syslog` VALUES ('92', 'admin', 'admin', '[类名]:com.wangzhixuan.controller.UserController,[方法]:edit,[参数]:id=14&loginname=dreamlu&phone=18707173376&sex=0&status=0&age=0&name=dreamlu&usertype=1&organizationId=3&password=123456&roleIds=7&', '127.0.0.1', '2015-12-06 12:14:53');
INSERT INTO `syslog` VALUES ('93', 'admin', 'admin', '[类名]:com.wangzhixuan.controller.OrganizationController,[方法]:addPage,[参数]:', null, '2015-12-06 12:15:13');
INSERT INTO `syslog` VALUES ('94', 'admin', 'admin', '[类名]:com.wangzhixuan.controller.OrganizationController,[方法]:add,[参数]:icon=icon-folder&address=&name=产品部&seq=0&pid=&code=产品部&', '127.0.0.1', '2015-12-06 12:15:30');
INSERT INTO `syslog` VALUES ('95', 'admin', 'admin', '[类名]:com.wangzhixuan.controller.OrganizationController,[方法]:editPage,[参数]:id=5&_=1449375056674&', '127.0.0.1', '2015-12-06 12:15:42');
INSERT INTO `syslog` VALUES ('96', 'admin', 'admin', '[类名]:com.wangzhixuan.controller.OrganizationController,[方法]:edit,[参数]:id=5&icon=icon-company&address=&name=产品部&seq=0&pid=&code=03&', '127.0.0.1', '2015-12-06 12:15:50');
INSERT INTO `syslog` VALUES ('97', 'admin', 'admin', '[类名]:com.wangzhixuan.controller.UserController,[方法]:editPage,[参数]:id=14&_=1449375056675&', '127.0.0.1', '2015-12-06 12:15:58');
INSERT INTO `syslog` VALUES ('98', 'admin', 'admin', '[类名]:com.wangzhixuan.controller.UserController,[方法]:edit,[参数]:id=14&loginname=dreamlu&phone=18707173376&sex=0&status=0&age=0&name=dreamlu&usertype=1&organizationId=5&password=&roleIds=7&', '127.0.0.1', '2015-12-06 12:16:01');
INSERT INTO `syslog` VALUES ('99', 'admin', 'admin', '[类名]:com.wangzhixuan.controller.UserController,[方法]:editPage,[参数]:id=14&_=1449375365022&', '127.0.0.1', '2015-12-06 12:16:12');
INSERT INTO `syslog` VALUES ('100', 'admin', 'admin', '[类名]:com.wangzhixuan.controller.UserController,[方法]:edit,[参数]:id=14&loginname=dreamlu&phone=18707173376&sex=0&status=0&age=25&name=dreamlu&usertype=1&organizationId=5&password=&roleIds=7&', '127.0.0.1', '2015-12-06 12:16:15');
INSERT INTO `syslog` VALUES ('101', 'admin', 'admin', '[类名]:com.wangzhixuan.controller.ResourceController,[方法]:editPage,[参数]:id=221&_=1449375365023&', '127.0.0.1', '2015-12-06 12:16:33');
INSERT INTO `syslog` VALUES ('102', 'admin', 'admin', '[类名]:com.wangzhixuan.controller.ResourceController,[方法]:edit,[参数]:id=221&icon=icon-company&status=0&name=日志管理&seq=0&pid=&resourcetype=0&url=/sysLog/manager&', '127.0.0.1', '2015-12-06 12:17:29');
INSERT INTO `syslog` VALUES ('103', 'admin', 'admin', '[类名]:com.wangzhixuan.controller.RoleController,[方法]:grantPage,[参数]:id=1&_=1449375468115&', '127.0.0.1', '2015-12-06 12:18:30');
INSERT INTO `syslog` VALUES ('104', 'admin', 'admin', '[类名]:com.wangzhixuan.controller.RoleController,[方法]:grant,[参数]:id=1&resourceIds=1,11,111,112,113,114,12,121,122,123,124,125,13,131,132,133,134,14,141,142,143,144,221&', '127.0.0.1', '2015-12-06 12:18:36');
INSERT INTO `syslog` VALUES ('105', 'admin', 'admin', '[类名]:com.wangzhixuan.controller.RoleController,[方法]:grantPage,[参数]:id=2&_=1449375468116&', '127.0.0.1', '2015-12-06 12:18:39');
INSERT INTO `syslog` VALUES ('106', 'admin', 'admin', '[类名]:com.wangzhixuan.controller.RoleController,[方法]:grant,[参数]:id=2&resourceIds=13,131,132,133,134,221&', '127.0.0.1', '2015-12-06 12:18:55');
INSERT INTO `syslog` VALUES ('107', 'admin', 'admin', '[类名]:com.wangzhixuan.controller.RoleController,[方法]:grantPage,[参数]:id=7&_=1449375468117&', '127.0.0.1', '2015-12-06 12:18:57');
INSERT INTO `syslog` VALUES ('108', 'admin', 'admin', '[类名]:com.wangzhixuan.controller.RoleController,[方法]:grant,[参数]:id=7&resourceIds=14,141,142,143,221&', '127.0.0.1', '2015-12-06 12:19:13');
INSERT INTO `syslog` VALUES ('109', 'admin', 'admin', '[类名]:com.wangzhixuan.controller.LoginController,[方法]:logout,[参数]:null', '127.0.0.1', '2015-12-06 12:19:16');
INSERT INTO `syslog` VALUES ('110', 'snoopy', 'admin', '[类名]:com.wangzhixuan.controller.LoginController,[方法]:logout,[参数]:null', '127.0.0.1', '2015-12-06 12:21:33');
INSERT INTO `syslog` VALUES ('111', 'admin', 'admin', '[类名]:com.wangzhixuan.controller.UserController,[方法]:editPage,[参数]:id=14&_=1449375726916&', '127.0.0.1', '2015-12-06 12:22:16');
INSERT INTO `syslog` VALUES ('112', 'admin', 'admin', '[类名]:com.wangzhixuan.controller.UserController,[方法]:edit,[参数]:id=14&loginname=dreamlu&phone=18707173376&sex=0&status=0&age=25&name=dreamlu&usertype=1&organizationId=5&password=123456&roleIds=7&', '127.0.0.1', '2015-12-06 12:22:21');
INSERT INTO `syslog` VALUES ('113', 'admin', 'admin', '[类名]:com.wangzhixuan.controller.UserController,[方法]:editPage,[参数]:id=14&_=1449375726917&', '127.0.0.1', '2015-12-06 12:22:40');
INSERT INTO `syslog` VALUES ('114', 'admin', 'admin', '[类名]:com.wangzhixuan.controller.UserController,[方法]:edit,[参数]:id=14&loginname=dreamlu&phone=18707173376&sex=0&status=0&age=25&name=dreamlu&usertype=1&organizationId=5&password=123456&roleIds=7&', '127.0.0.1', '2015-12-06 12:22:49');
INSERT INTO `syslog` VALUES ('115', 'admin', 'admin', '[类名]:com.wangzhixuan.controller.UserController,[方法]:editPage,[参数]:id=14&_=1449375726918&', '127.0.0.1', '2015-12-06 12:22:51');
INSERT INTO `syslog` VALUES ('116', 'admin', 'admin', '[类名]:com.wangzhixuan.controller.UserController,[方法]:edit,[参数]:id=14&loginname=dreamlu&phone=18707173376&sex=0&status=0&age=25&name=dreamlu&usertype=1&organizationId=5&password=123456&roleIds=7&', '127.0.0.1', '2015-12-06 12:23:24');
INSERT INTO `syslog` VALUES ('117', 'admin', 'admin', '[类名]:com.wangzhixuan.controller.UserController,[方法]:editPage,[参数]:id=14&_=1449375726919&', '127.0.0.1', '2015-12-06 12:23:31');
INSERT INTO `syslog` VALUES ('118', 'admin', 'admin', '[类名]:com.wangzhixuan.controller.UserController,[方法]:edit,[参数]:id=14&loginname=dreamlu&phone=18707173376&sex=0&status=0&age=25&name=dreamlu&usertype=1&organizationId=5&password=admin&roleIds=7&', '127.0.0.1', '2015-12-06 12:23:36');
INSERT INTO `syslog` VALUES ('119', 'admin', 'admin', '[类名]:com.wangzhixuan.controller.LoginController,[方法]:logout,[参数]:null', '127.0.0.1', '2015-12-06 12:23:46');
INSERT INTO `syslog` VALUES ('120', 'dreamlu', 'admin', '[类名]:com.wangzhixuan.controller.LoginController,[方法]:logout,[参数]:null', '127.0.0.1', '2015-12-06 12:24:07');
INSERT INTO `syslog` VALUES ('121', 'admin', 'admin', '[类名]:com.wangzhixuan.controller.RoleController,[方法]:grantPage,[参数]:id=2&_=1449375852321&', '127.0.0.1', '2015-12-06 12:24:19');
INSERT INTO `syslog` VALUES ('122', 'admin', 'admin', '[类名]:com.wangzhixuan.controller.RoleController,[方法]:grantPage,[参数]:id=2&_=1449375852322&', '127.0.0.1', '2015-12-06 12:25:03');
INSERT INTO `syslog` VALUES ('123', 'admin', 'admin', '[类名]:com.wangzhixuan.controller.RoleController,[方法]:grant,[参数]:id=2&resourceIds=1,13,131,132,133,134,221&', '127.0.0.1', '2015-12-06 12:25:30');
INSERT INTO `syslog` VALUES ('124', 'admin', 'admin', '[类名]:com.wangzhixuan.controller.LoginController,[方法]:logout,[参数]:null', '127.0.0.1', '2015-12-06 12:25:32');
INSERT INTO `syslog` VALUES ('125', 'dreamlu', 'admin', '[类名]:com.wangzhixuan.controller.LoginController,[方法]:logout,[参数]:null', '127.0.0.1', '2015-12-06 12:25:42');
INSERT INTO `syslog` VALUES ('126', 'admin', 'admin', '[类名]:com.wangzhixuan.controller.UserController,[方法]:editPwdPage,[参数]:', null, '2015-12-06 12:25:51');
INSERT INTO `syslog` VALUES ('127', 'admin', 'admin', '[类名]:com.wangzhixuan.controller.RoleController,[方法]:editPage,[参数]:id=7&_=1449375949053&', '127.0.0.1', '2015-12-06 12:25:57');
INSERT INTO `syslog` VALUES ('128', 'admin', 'admin', '[类名]:com.wangzhixuan.controller.RoleController,[方法]:grantPage,[参数]:id=7&_=1449375949054&', '127.0.0.1', '2015-12-06 12:25:59');
INSERT INTO `syslog` VALUES ('129', 'admin', 'admin', '[类名]:com.wangzhixuan.controller.RoleController,[方法]:grant,[参数]:id=7&resourceIds=1,14,141,142,143,221&', '127.0.0.1', '2015-12-06 12:26:03');
INSERT INTO `syslog` VALUES ('130', 'admin', 'admin', '[类名]:com.wangzhixuan.controller.LoginController,[方法]:logout,[参数]:null', '127.0.0.1', '2015-12-06 12:26:06');
INSERT INTO `syslog` VALUES ('131', 'dreamlu', 'admin', '[类名]:com.wangzhixuan.controller.OrganizationController,[方法]:editPage,[参数]:id=1&_=1449375972808&', '127.0.0.1', '2015-12-06 12:26:19');
INSERT INTO `syslog` VALUES ('132', 'dreamlu', 'admin', '[类名]:com.wangzhixuan.controller.LoginController,[方法]:logout,[参数]:null', '127.0.0.1', '2015-12-06 12:26:37');
INSERT INTO `syslog` VALUES ('133', 'snoopy', 'admin', '[类名]:com.wangzhixuan.controller.UserController,[方法]:addPage,[参数]:', null, '2015-12-06 12:27:13');
INSERT INTO `syslog` VALUES ('134', 'snoopy', 'admin', '[类名]:com.wangzhixuan.controller.UserController,[方法]:editPage,[参数]:id=1&_=1449376026245&', '127.0.0.1', '2015-12-06 12:27:35');
INSERT INTO `syslog` VALUES ('135', 'snoopy', 'admin', '[类名]:com.wangzhixuan.controller.LoginController,[方法]:logout,[参数]:null', '127.0.0.1', '2015-12-06 12:27:50');
INSERT INTO `syslog` VALUES ('136', 'admin', 'admin', '[类名]:com.wangzhixuan.controller.UserController,[方法]:addPage,[参数]:', null, '2015-12-06 12:28:27');
INSERT INTO `syslog` VALUES ('137', 'admin', 'admin', '[类名]:com.wangzhixuan.controller.ResourceController,[方法]:editPage,[参数]:id=1&_=1449376091840&', '127.0.0.1', '2015-12-06 12:29:44');
INSERT INTO `syslog` VALUES ('138', 'admin', 'admin', '[类名]:com.wangzhixuan.controller.ResourceController,[方法]:editPage,[参数]:id=221&_=1449376091841&', '127.0.0.1', '2015-12-06 12:29:47');
INSERT INTO `syslog` VALUES ('139', 'admin', 'admin', '[类名]:com.wangzhixuan.controller.ResourceController,[方法]:edit,[参数]:id=221&icon=icon-company&status=0&name=日志管理&seq=1&pid=&resourcetype=0&url=/sysLog/manager&', '127.0.0.1', '2015-12-06 12:29:52');
INSERT INTO `syslog` VALUES ('140', 'admin', 'admin', '[类名]:com.wangzhixuan.controller.OrganizationController,[方法]:editPage,[参数]:id=1&_=1449376091842&', '127.0.0.1', '2015-12-06 12:30:26');
INSERT INTO `syslog` VALUES ('141', 'admin', 'admin', '[类名]:com.wangzhixuan.controller.OrganizationController,[方法]:editPage,[参数]:id=3&_=1449376091843&', '127.0.0.1', '2015-12-06 12:30:28');
INSERT INTO `syslog` VALUES ('142', 'admin', 'admin', '[类名]:com.wangzhixuan.controller.OrganizationController,[方法]:edit,[参数]:id=3&icon=icon-company&address=&name=技术部&seq=1&pid=&code=02&', '127.0.0.1', '2015-12-06 12:30:30');
INSERT INTO `syslog` VALUES ('143', 'admin', 'admin', '[类名]:com.wangzhixuan.controller.OrganizationController,[方法]:editPage,[参数]:id=5&_=1449376091844&', '127.0.0.1', '2015-12-06 12:30:34');
INSERT INTO `syslog` VALUES ('144', 'admin', 'admin', '[类名]:com.wangzhixuan.controller.OrganizationController,[方法]:edit,[参数]:id=5&icon=icon-company&address=&name=产品部&seq=2&pid=&code=03&', '127.0.0.1', '2015-12-06 12:30:37');
INSERT INTO `syslog` VALUES ('145', 'admin', 'admin', '[类名]:com.wangzhixuan.controller.LoginController,[方法]:logout,[参数]:null', '127.0.0.1', '2015-12-06 12:31:04');
INSERT INTO `syslog` VALUES ('146', 'snoopy', 'admin', '[类名]:com.wangzhixuan.controller.LoginController,[方法]:logout,[参数]:null', '127.0.0.1', '2015-12-06 12:31:29');
INSERT INTO `syslog` VALUES ('147', 'snoopy', 'admin', '[类名]:com.wangzhixuan.controller.LoginController,[方法]:logout,[参数]:null', '127.0.0.1', '2015-12-06 12:36:12');
INSERT INTO `syslog` VALUES ('148', 'snoopy', 'admin', '[类名]:com.wangzhixuan.controller.LoginController,[方法]:logout,[参数]:null', '127.0.0.1', '2015-12-06 12:36:42');
INSERT INTO `syslog` VALUES ('149', 'snoopy', 'admin', '[类名]:com.wangzhixuan.controller.LoginController,[方法]:logout,[参数]:null', '127.0.0.1', '2015-12-06 12:39:16');
INSERT INTO `syslog` VALUES ('150', 'admin', 'admin', '[类名]:com.wangzhixuan.controller.ResourceController,[方法]:editPage,[参数]:id=1&_=1449376768451&', '127.0.0.1', '2015-12-06 12:39:56');
INSERT INTO `syslog` VALUES ('151', 'admin', 'admin', '[类名]:com.wangzhixuan.controller.ResourceController,[方法]:addPage,[参数]:', null, '2015-12-06 12:40:20');
INSERT INTO `syslog` VALUES ('152', 'admin', 'admin', '[类名]:com.wangzhixuan.controller.ResourceController,[方法]:add,[参数]:icon=&status=0&name=视频教程&seq=0&pid=&resourcetype=0&url=&', '127.0.0.1', '2015-12-06 12:40:42');
INSERT INTO `syslog` VALUES ('153', 'admin', 'admin', '[类名]:com.wangzhixuan.controller.ResourceController,[方法]:editPage,[参数]:id=222&_=1449376846336&', '127.0.0.1', '2015-12-06 12:41:00');
INSERT INTO `syslog` VALUES ('154', 'admin', 'admin', '[类名]:com.wangzhixuan.controller.ResourceController,[方法]:editPage,[参数]:id=222&_=1449376846337&', '127.0.0.1', '2015-12-06 12:41:04');
INSERT INTO `syslog` VALUES ('155', 'admin', 'admin', '[类名]:com.wangzhixuan.controller.ResourceController,[方法]:edit,[参数]:id=222&icon=&status=0&name=视频教程&seq=2&pid=&resourcetype=0&url=&', '127.0.0.1', '2015-12-06 12:41:08');
INSERT INTO `syslog` VALUES ('156', 'admin', 'admin', '[类名]:com.wangzhixuan.controller.ResourceController,[方法]:editPage,[参数]:id=222&_=1449376846338&', '127.0.0.1', '2015-12-06 12:41:20');
INSERT INTO `syslog` VALUES ('157', 'admin', 'admin', '[类名]:com.wangzhixuan.controller.ResourceController,[方法]:edit,[参数]:id=222&icon=icon-company&status=0&name=视频教程&seq=2&pid=&resourcetype=0&url=&', '127.0.0.1', '2015-12-06 12:41:25');
INSERT INTO `syslog` VALUES ('158', 'admin', 'admin', '[类名]:com.wangzhixuan.controller.ResourceController,[方法]:addPage,[参数]:', null, '2015-12-06 12:42:13');
INSERT INTO `syslog` VALUES ('159', 'admin', 'admin', '[类名]:com.wangzhixuan.controller.ResourceController,[方法]:add,[参数]:icon=&status=0&name=官方网站&seq=0&pid=222&resourcetype=0&url=http://www.dreamlu.net/&', '127.0.0.1', '2015-12-06 12:42:42');
INSERT INTO `syslog` VALUES ('160', 'admin', 'admin', '[类名]:com.wangzhixuan.controller.ResourceController,[方法]:editPage,[参数]:id=223&_=1449376846340&', '127.0.0.1', '2015-12-06 12:42:52');
INSERT INTO `syslog` VALUES ('161', 'admin', 'admin', '[类名]:com.wangzhixuan.controller.ResourceController,[方法]:edit,[参数]:id=223&icon=icon-folder&status=0&name=官方网站&seq=0&pid=222&resourcetype=0&url=http://www.dreamlu.net/&', '127.0.0.1', '2015-12-06 12:42:57');
INSERT INTO `syslog` VALUES ('162', 'admin', 'admin', '[类名]:com.wangzhixuan.controller.ResourceController,[方法]:addPage,[参数]:', null, '2015-12-06 12:43:12');
INSERT INTO `syslog` VALUES ('163', 'admin', 'admin', '[类名]:com.wangzhixuan.controller.ResourceController,[方法]:add,[参数]:icon=&status=0&name=JFinal2.0视频&seq=1&pid=222&resourcetype=0&url=http://blog.dreamlu.net/blog/79&', '127.0.0.1', '2015-12-06 12:45:28');
INSERT INTO `syslog` VALUES ('164', 'admin', 'admin', '[类名]:com.wangzhixuan.controller.ResourceController,[方法]:editPage,[参数]:id=224&_=1449376846342&', '127.0.0.1', '2015-12-06 12:45:32');
INSERT INTO `syslog` VALUES ('165', 'admin', 'admin', '[类名]:com.wangzhixuan.controller.ResourceController,[方法]:edit,[参数]:id=224&icon=icon-folder&status=0&name=JFinal2.0视频&seq=1&pid=222&resourcetype=0&url=http://blog.dreamlu.net/blog/79&', '127.0.0.1', '2015-12-06 12:45:36');
INSERT INTO `syslog` VALUES ('166', 'admin', 'admin', '[类名]:com.wangzhixuan.controller.ResourceController,[方法]:addPage,[参数]:', null, '2015-12-06 12:45:55');
INSERT INTO `syslog` VALUES ('167', 'admin', 'admin', '[类名]:com.wangzhixuan.controller.ResourceController,[方法]:add,[参数]:icon=&status=0&name=JFinal2.0视频源码&seq=0&pid=222&resourcetype=0&url=http://git.oschina.net/596392912/JFinal2.0-beetl-training&', '127.0.0.1', '2015-12-06 12:47:00');
INSERT INTO `syslog` VALUES ('168', 'admin', 'admin', '[类名]:com.wangzhixuan.controller.ResourceController,[方法]:editPage,[参数]:id=225&_=1449376846344&', '127.0.0.1', '2015-12-06 12:47:03');
INSERT INTO `syslog` VALUES ('169', 'admin', 'admin', '[类名]:com.wangzhixuan.controller.ResourceController,[方法]:edit,[参数]:id=225&icon=&status=0&name=JFinal2.0视频源码&seq=2&pid=222&resourcetype=0&url=http://git.oschina.net/596392912/JFinal2.0-beetl-training&', '127.0.0.1', '2015-12-06 12:47:09');
INSERT INTO `syslog` VALUES ('170', 'admin', 'admin', '[类名]:com.wangzhixuan.controller.ResourceController,[方法]:editPage,[参数]:id=225&_=1449376846345&', '127.0.0.1', '2015-12-06 12:47:21');
INSERT INTO `syslog` VALUES ('171', 'admin', 'admin', '[类名]:com.wangzhixuan.controller.ResourceController,[方法]:edit,[参数]:id=225&icon=icon-folder&status=0&name=视频源码&seq=2&pid=222&resourcetype=0&url=http://git.oschina.net/596392912/JFinal2.0-beetl-training&', '127.0.0.1', '2015-12-06 12:47:30');
INSERT INTO `syslog` VALUES ('172', 'admin', 'admin', '[类名]:com.wangzhixuan.controller.ResourceController,[方法]:editPage,[参数]:id=222&_=1449377269160&', '127.0.0.1', '2015-12-06 12:48:09');
INSERT INTO `syslog` VALUES ('173', 'admin', 'admin', '[类名]:com.wangzhixuan.controller.ResourceController,[方法]:edit,[参数]:id=222&icon=icon-company&status=0&name=视频教程&seq=1&pid=&resourcetype=0&url=&', '127.0.0.1', '2015-12-06 12:48:13');
INSERT INTO `syslog` VALUES ('174', 'admin', 'admin', '[类名]:com.wangzhixuan.controller.ResourceController,[方法]:editPage,[参数]:id=221&_=1449377269161&', '127.0.0.1', '2015-12-06 12:48:15');
INSERT INTO `syslog` VALUES ('175', 'admin', 'admin', '[类名]:com.wangzhixuan.controller.ResourceController,[方法]:edit,[参数]:id=221&icon=icon-company&status=0&name=日志管理&seq=2&pid=&resourcetype=0&url=/sysLog/manager&', '127.0.0.1', '2015-12-06 12:48:19');
INSERT INTO `syslog` VALUES ('176', 'admin', 'admin', '[类名]:com.wangzhixuan.controller.ResourceController,[方法]:editPage,[参数]:id=223&_=1449377269162&', '127.0.0.1', '2015-12-06 12:48:33');
INSERT INTO `syslog` VALUES ('177', 'admin', 'admin', '[类名]:com.wangzhixuan.controller.ResourceController,[方法]:editPage,[参数]:id=224&_=1449377269163&', '127.0.0.1', '2015-12-06 12:48:36');
INSERT INTO `syslog` VALUES ('178', 'admin', 'admin', '[类名]:com.wangzhixuan.controller.ResourceController,[方法]:edit,[参数]:id=224&icon=icon-folder&status=0&name=JFinal视频&seq=1&pid=222&resourcetype=0&url=http://blog.dreamlu.net/blog/79&', '127.0.0.1', '2015-12-06 12:48:42');
INSERT INTO `syslog` VALUES ('179', 'admin', 'admin', '[类名]:com.wangzhixuan.controller.ResourceController,[方法]:editPage,[参数]:id=224&_=1449377269164&', '127.0.0.1', '2015-12-06 12:48:53');
INSERT INTO `syslog` VALUES ('180', 'admin', 'admin', '[类名]:com.wangzhixuan.controller.ResourceController,[方法]:edit,[参数]:id=224&icon=icon-folder&status=0&name=jfinal视频&seq=1&pid=222&resourcetype=0&url=http://blog.dreamlu.net/blog/79&', '127.0.0.1', '2015-12-06 12:49:01');
INSERT INTO `syslog` VALUES ('181', 'admin', 'admin', '[类名]:com.wangzhixuan.controller.LoginController,[方法]:loginPost,[参数]:username=admin&password=admin&', '127.0.0.1', '2015-12-06 13:09:23');
INSERT INTO `syslog` VALUES ('182', 'admin', 'admin', '[类名]:com.wangzhixuan.controller.ResourceController,[方法]:delete,[参数]:id=225&', '127.0.0.1', '2015-12-06 13:09:29');
INSERT INTO `syslog` VALUES ('183', 'admin', 'admin', '[类名]:com.wangzhixuan.controller.RoleController,[方法]:addPage,[参数]:', null, '2015-12-06 13:09:42');
INSERT INTO `syslog` VALUES ('184', 'admin', 'admin', '[类名]:com.wangzhixuan.controller.RoleController,[方法]:grantPage,[参数]:id=1&_=1449378563775&', '127.0.0.1', '2015-12-06 13:09:48');
INSERT INTO `syslog` VALUES ('185', 'admin', 'admin', '[类名]:com.wangzhixuan.controller.RoleController,[方法]:grant,[参数]:id=1&resourceIds=1,11,111,112,113,114,12,121,122,123,124,125,13,131,132,133,134,14,141,142,143,144,222,223,224,221&', '127.0.0.1', '2015-12-06 13:09:53');
INSERT INTO `syslog` VALUES ('186', 'admin', 'admin', '[类名]:com.wangzhixuan.controller.RoleController,[方法]:grantPage,[参数]:id=2&_=1449378563776&', '127.0.0.1', '2015-12-06 13:09:55');
INSERT INTO `syslog` VALUES ('187', 'admin', 'admin', '[类名]:com.wangzhixuan.controller.RoleController,[方法]:grant,[参数]:id=2&resourceIds=1,13,131,132,133,134,222,223,224,221&', '127.0.0.1', '2015-12-06 13:09:59');
INSERT INTO `syslog` VALUES ('188', 'admin', 'admin', '[类名]:com.wangzhixuan.controller.RoleController,[方法]:grantPage,[参数]:id=7&_=1449378563777&', '127.0.0.1', '2015-12-06 13:10:00');
INSERT INTO `syslog` VALUES ('189', 'admin', 'admin', '[类名]:com.wangzhixuan.controller.RoleController,[方法]:grant,[参数]:id=7&resourceIds=1,14,141,142,143,222,223,224,221&', '127.0.0.1', '2015-12-06 13:10:04');
INSERT INTO `syslog` VALUES ('190', 'admin', 'admin', '[类名]:com.wangzhixuan.controller.LoginController,[方法]:logout,[参数]:null', '127.0.0.1', '2015-12-06 13:10:08');
INSERT INTO `syslog` VALUES ('191', 'admin', 'admin', '[类名]:com.wangzhixuan.controller.RoleController,[方法]:addPage,[参数]:', null, '2015-12-06 13:10:28');
INSERT INTO `syslog` VALUES ('192', 'admin', 'admin', '[类名]:com.wangzhixuan.controller.RoleController,[方法]:add,[参数]:status=0&description=测试账户&name=测试账户&seq=0&', '127.0.0.1', '2015-12-06 13:10:40');
INSERT INTO `syslog` VALUES ('193', 'admin', 'admin', '[类名]:com.wangzhixuan.controller.UserController,[方法]:addPage,[参数]:', null, '2015-12-06 13:10:45');
INSERT INTO `syslog` VALUES ('194', 'admin', 'admin', '[类名]:com.wangzhixuan.controller.UserController,[方法]:addPage,[参数]:', null, '2015-12-06 13:11:24');
INSERT INTO `syslog` VALUES ('195', 'admin', 'admin', '[类名]:com.wangzhixuan.controller.OrganizationController,[方法]:addPage,[参数]:', null, '2015-12-06 13:11:27');
INSERT INTO `syslog` VALUES ('196', 'admin', 'admin', '[类名]:com.wangzhixuan.controller.OrganizationController,[方法]:addPage,[参数]:', null, '2015-12-06 13:11:40');
INSERT INTO `syslog` VALUES ('197', 'admin', 'admin', '[类名]:com.wangzhixuan.controller.OrganizationController,[方法]:editPage,[参数]:id=3&_=1449378619302&', '127.0.0.1', '2015-12-06 13:11:52');
INSERT INTO `syslog` VALUES ('198', 'admin', 'admin', '[类名]:com.wangzhixuan.controller.OrganizationController,[方法]:addPage,[参数]:', null, '2015-12-06 13:11:56');
INSERT INTO `syslog` VALUES ('199', 'admin', 'admin', '[类名]:com.wangzhixuan.controller.OrganizationController,[方法]:add,[参数]:icon=icon-folder&address=&name=测试组&seq=0&pid=3&code=04&', '127.0.0.1', '2015-12-06 13:12:18');
INSERT INTO `syslog` VALUES ('200', 'admin', 'admin', '[类名]:com.wangzhixuan.controller.UserController,[方法]:addPage,[参数]:', null, '2015-12-06 13:12:28');
INSERT INTO `syslog` VALUES ('201', 'admin', 'admin', '[类名]:com.wangzhixuan.controller.UserController,[方法]:addPage,[参数]:', null, '2015-12-06 13:12:36');
INSERT INTO `syslog` VALUES ('202', 'admin', 'admin', '[类名]:com.wangzhixuan.controller.UserController,[方法]:add,[参数]:loginname=test&phone=&sex=0&status=0&age=25&name=test&usertype=1&organizationId=6&password=admin&roleIds=8&', '127.0.0.1', '2015-12-06 13:13:03');
INSERT INTO `syslog` VALUES ('203', 'admin', 'admin', '[类名]:com.wangzhixuan.controller.UserController,[方法]:editPage,[参数]:id=15&_=1449378750752&', '127.0.0.1', '2015-12-06 13:13:11');
INSERT INTO `syslog` VALUES ('204', 'admin', 'admin', '[类名]:com.wangzhixuan.controller.UserController,[方法]:edit,[参数]:id=15&loginname=test&phone=18707173376&sex=0&status=0&age=25&name=test&usertype=1&organizationId=6&password=&roleIds=8&', '127.0.0.1', '2015-12-06 13:13:15');
INSERT INTO `syslog` VALUES ('205', 'admin', 'admin', '[类名]:com.wangzhixuan.controller.LoginController,[方法]:logout,[参数]:null', '127.0.0.1', '2015-12-06 13:13:20');
INSERT INTO `syslog` VALUES ('206', 'admin', 'admin', '[类名]:com.wangzhixuan.controller.UserController,[方法]:editPwdPage,[参数]:', null, '2015-12-06 13:13:36');
INSERT INTO `syslog` VALUES ('207', 'admin', 'admin', '[类名]:com.wangzhixuan.controller.UserController,[方法]:editUserPwd,[参数]:oldPwd=admin&rePwd=123456qaz&pwd=123456qaz&', '127.0.0.1', '2015-12-06 13:14:05');
INSERT INTO `syslog` VALUES ('208', 'admin', 'admin', '[类名]:com.wangzhixuan.controller.RoleController,[方法]:grantPage,[参数]:id=8&_=1449378807806&', '127.0.0.1', '2015-12-06 13:14:16');
INSERT INTO `syslog` VALUES ('209', 'admin', 'admin', '[类名]:com.wangzhixuan.controller.RoleController,[方法]:grant,[参数]:id=8&resourceIds=1,11,111,12,121,13,131,14,141,222,223,224,221&', '127.0.0.1', '2015-12-06 13:14:40');
INSERT INTO `syslog` VALUES ('210', 'admin', 'admin', '[类名]:com.wangzhixuan.controller.LoginController,[方法]:logout,[参数]:null', '127.0.0.1', '2015-12-06 13:14:43');
INSERT INTO `syslog` VALUES ('211', 'admin', 'admin', '[类名]:com.wangzhixuan.controller.UserController,[方法]:editPwdPage,[参数]:', null, '2015-12-06 13:15:29');
INSERT INTO `syslog` VALUES ('212', 'admin', 'admin', '[类名]:com.wangzhixuan.controller.UserController,[方法]:editPage,[参数]:id=15&_=1449378923020&', '127.0.0.1', '2015-12-06 13:15:37');
INSERT INTO `syslog` VALUES ('213', 'admin', 'admin', '[类名]:com.wangzhixuan.controller.UserController,[方法]:edit,[参数]:id=15&loginname=test&phone=18707173376&sex=0&status=0&age=25&name=test&usertype=1&organizationId=6&password=admin&roleIds=8&', '127.0.0.1', '2015-12-06 13:15:42');
INSERT INTO `syslog` VALUES ('214', 'admin', 'admin', '[类名]:com.wangzhixuan.controller.LoginController,[方法]:logout,[参数]:null', '127.0.0.1', '2015-12-06 13:15:52');
INSERT INTO `syslog` VALUES ('215', 'test', 'admin', '[类名]:com.wangzhixuan.controller.LoginController,[方法]:logout,[参数]:null', '127.0.0.1', '2015-12-06 13:16:40');
INSERT INTO `syslog` VALUES ('216', 'admin', 'admin', '[类名]:com.wangzhixuan.controller.LoginController,[方法]:logout,[参数]:null', '127.0.0.1', '2015-12-06 13:17:18');
INSERT INTO `syslog` VALUES ('217', 'admin', 'admin', '[类名]:com.wangzhixuan.controller.UserController,[方法]:editPage,[参数]:id=1&_=1449452930847&', '127.0.0.1', '2015-12-07 09:49:12');
INSERT INTO `syslog` VALUES ('218', 'admin', 'admin', '[类名]:com.wangzhixuan.controller.UserController,[方法]:edit,[参数]:id=1&loginname=admin&phone=18707173376&sex=0&status=0&age=25&name=admin&usertype=0&organizationId=1&password=test&roleIds=1&', '127.0.0.1', '2015-12-07 09:49:18');
INSERT INTO `syslog` VALUES ('219', 'admin', 'admin', '[类名]:com.wangzhixuan.controller.UserController,[方法]:editPage,[参数]:id=13&_=1449452930848&', '127.0.0.1', '2015-12-07 09:49:20');
INSERT INTO `syslog` VALUES ('220', 'admin', 'admin', '[类名]:com.wangzhixuan.controller.UserController,[方法]:edit,[参数]:id=13&loginname=snoopy&phone=18707173376&sex=0&status=0&age=25&name=snoopy&usertype=1&organizationId=3&password=test&roleIds=2&', '127.0.0.1', '2015-12-07 09:49:26');
INSERT INTO `syslog` VALUES ('221', 'admin', 'admin', '[类名]:com.wangzhixuan.controller.UserController,[方法]:editPage,[参数]:id=14&_=1449452930849&', '127.0.0.1', '2015-12-07 09:49:27');
INSERT INTO `syslog` VALUES ('222', 'admin', 'admin', '[类名]:com.wangzhixuan.controller.UserController,[方法]:edit,[参数]:id=14&loginname=dreamlu&phone=18707173376&sex=0&status=0&age=25&name=dreamlu&usertype=1&organizationId=5&password=test&roleIds=7&', '127.0.0.1', '2015-12-07 09:49:32');
INSERT INTO `syslog` VALUES ('223', 'admin', 'admin', '[类名]:com.wangzhixuan.controller.LoginController,[方法]:logout,[参数]:null', '127.0.0.1', '2015-12-07 09:49:37');
INSERT INTO `syslog` VALUES ('224', 'admin', 'admin', '[类名]:com.wangzhixuan.controller.LoginController,[方法]:logout,[参数]:null', '127.0.0.1', '2015-12-07 09:49:45');
INSERT INTO `syslog` VALUES ('225', 'admin', 'admin', '[类名]:com.wangzhixuan.controller.ResourceController,[方法]:addPage,[参数]:', null, '2015-12-07 20:22:40');
INSERT INTO `syslog` VALUES ('226', 'admin', 'admin', '[类名]:com.wangzhixuan.controller.ResourceController,[方法]:add,[参数]:icon=&status=0&name=修改密码&seq=0&pid=&resourcetype=1&url=&', '127.0.0.1', '2015-12-07 20:23:06');
INSERT INTO `syslog` VALUES ('227', 'admin', 'admin', '[类名]:com.wangzhixuan.controller.ResourceController,[方法]:editPage,[参数]:id=226&_=1449490954500&', '127.0.0.1', '2015-12-07 20:23:16');
INSERT INTO `syslog` VALUES ('228', 'admin', 'admin', '[类名]:com.wangzhixuan.controller.ResourceController,[方法]:edit,[参数]:id=226&icon=修改密码&status=0&name=修改密码&seq=0&pid=&resourcetype=1&url=&', '127.0.0.1', '2015-12-07 20:23:22');
INSERT INTO `syslog` VALUES ('229', 'admin', 'admin', '[类名]:com.wangzhixuan.controller.ResourceController,[方法]:editPage,[参数]:id=222&_=1449491005264&', '127.0.0.1', '2015-12-07 20:23:57');
INSERT INTO `syslog` VALUES ('230', 'admin', 'admin', '[类名]:com.wangzhixuan.controller.ResourceController,[方法]:editPage,[参数]:id=226&_=1449491005265&', '127.0.0.1', '2015-12-07 20:24:00');
INSERT INTO `syslog` VALUES ('231', 'admin', 'admin', '[类名]:com.wangzhixuan.controller.ResourceController,[方法]:edit,[参数]:id=226&icon=icon-edit&status=0&name=修改密码&seq=0&pid=&resourcetype=1&url=&', '127.0.0.1', '2015-12-07 20:24:04');
INSERT INTO `syslog` VALUES ('232', 'admin', 'admin', '[类名]:com.wangzhixuan.controller.ResourceController,[方法]:editPage,[参数]:id=226&_=1449491005266&', '127.0.0.1', '2015-12-07 20:24:13');
INSERT INTO `syslog` VALUES ('233', 'admin', 'admin', '[类名]:com.wangzhixuan.controller.ResourceController,[方法]:edit,[参数]:id=226&icon=icon-edit&status=0&name=修改密码&seq=3&pid=&resourcetype=1&url=&', '127.0.0.1', '2015-12-07 20:24:22');
INSERT INTO `syslog` VALUES ('234', 'admin', 'admin', '[类名]:com.wangzhixuan.controller.ResourceController,[方法]:editPage,[参数]:id=226&_=1449491067030&', '127.0.0.1', '2015-12-07 20:25:24');
INSERT INTO `syslog` VALUES ('235', 'admin', 'admin', '[类名]:com.wangzhixuan.controller.ResourceController,[方法]:edit,[参数]:id=226&icon=icon-edit&status=0&name=修改密码&seq=3&pid=&resourcetype=1&url=/user/editPwdPage&', '127.0.0.1', '2015-12-07 20:25:28');
INSERT INTO `syslog` VALUES ('236', 'admin', 'admin', '[类名]:com.wangzhixuan.controller.RoleController,[方法]:editPage,[参数]:id=8&_=1449491288100&', '127.0.0.1', '2015-12-07 20:28:15');
INSERT INTO `syslog` VALUES ('237', 'admin', 'admin', '[类名]:com.wangzhixuan.controller.RoleController,[方法]:grantPage,[参数]:id=8&_=1449491288101&', '127.0.0.1', '2015-12-07 20:28:23');
INSERT INTO `syslog` VALUES ('238', 'admin', 'admin', '[类名]:com.wangzhixuan.controller.LoginController,[方法]:logout,[参数]:null', '127.0.0.1', '2015-12-07 20:28:36');
INSERT INTO `syslog` VALUES ('239', 'admin', 'admin', '[类名]:com.wangzhixuan.controller.RoleController,[方法]:editPage,[参数]:id=8&_=1449491324914&', '127.0.0.1', '2015-12-07 20:28:54');
INSERT INTO `syslog` VALUES ('240', 'admin', 'admin', '[类名]:com.wangzhixuan.controller.RoleController,[方法]:grantPage,[参数]:id=8&_=1449491324915&', '127.0.0.1', '2015-12-07 20:28:56');
INSERT INTO `syslog` VALUES ('241', 'admin', 'admin', '[类名]:com.wangzhixuan.controller.RoleController,[方法]:grantPage,[参数]:id=8&_=1449491355867&', '127.0.0.1', '2015-12-07 20:29:24');
INSERT INTO `syslog` VALUES ('242', 'admin', 'admin', '[类名]:com.wangzhixuan.controller.ResourceController,[方法]:editPage,[参数]:id=226&_=1449491355868&', '127.0.0.1', '2015-12-07 20:30:15');
INSERT INTO `syslog` VALUES ('243', 'admin', 'admin', '[类名]:com.wangzhixuan.controller.ResourceController,[方法]:edit,[参数]:id=226&icon=icon-edit&status=0&name=修改密码&seq=3&pid=&resourcetype=0&url=/user/editPwdPage&', '127.0.0.1', '2015-12-07 20:30:19');
INSERT INTO `syslog` VALUES ('244', 'admin', 'admin', '[类名]:com.wangzhixuan.controller.RoleController,[方法]:grantPage,[参数]:id=8&_=1449491422645&', '127.0.0.1', '2015-12-07 20:30:29');
INSERT INTO `syslog` VALUES ('245', 'admin', 'admin', '[类名]:com.wangzhixuan.controller.LoginController,[方法]:login,[参数]:null', '127.0.0.1', '2015-12-07 20:35:15');
INSERT INTO `syslog` VALUES ('246', 'admin', 'admin', '[类名]:com.wangzhixuan.controller.LoginController,[方法]:loginPost,[参数]:username=admin&password=test&', '127.0.0.1', '2015-12-07 20:35:22');
INSERT INTO `syslog` VALUES ('247', 'admin', 'admin', '[类名]:com.wangzhixuan.controller.UserController,[方法]:editPwdPage,[参数]:', null, '2015-12-07 20:35:27');
INSERT INTO `syslog` VALUES ('248', 'admin', 'admin', '[类名]:com.wangzhixuan.controller.ResourceController,[方法]:editPage,[参数]:id=226&_=1449491723079&', '127.0.0.1', '2015-12-07 20:35:50');
INSERT INTO `syslog` VALUES ('249', 'admin', 'admin', '[类名]:com.wangzhixuan.controller.ResourceController,[方法]:edit,[参数]:id=226&icon=icon-edit&status=0&name=修改密码&seq=3&pid=&resourcetype=1&url=/user/editPwdPage&', '127.0.0.1', '2015-12-07 20:35:55');
INSERT INTO `syslog` VALUES ('250', 'admin', 'admin', '[类名]:com.wangzhixuan.controller.RoleController,[方法]:grantPage,[参数]:id=8&_=1449491758085&', '127.0.0.1', '2015-12-07 20:36:11');
INSERT INTO `syslog` VALUES ('251', 'admin', 'admin', '[类名]:com.wangzhixuan.controller.ResourceController,[方法]:editPage,[参数]:id=226&_=1449491758086&', '127.0.0.1', '2015-12-07 20:36:25');
INSERT INTO `syslog` VALUES ('252', 'admin', 'admin', '[类名]:com.wangzhixuan.controller.ResourceController,[方法]:edit,[参数]:id=226&icon=icon-edit&status=0&name=修改密码&seq=3&pid=&resourcetype=0&url=/user/editPwdPage&', '127.0.0.1', '2015-12-07 20:36:29');
INSERT INTO `syslog` VALUES ('253', 'admin', 'admin', '[类名]:com.wangzhixuan.controller.RoleController,[方法]:grantPage,[参数]:id=7&_=1449491758087&', '127.0.0.1', '2015-12-07 20:36:34');
INSERT INTO `syslog` VALUES ('254', 'admin', 'admin', '[类名]:com.wangzhixuan.controller.RoleController,[方法]:grant,[参数]:id=7&resourceIds=1,14,141,142,143,144,222,223,224,221,226&', '127.0.0.1', '2015-12-07 20:36:51');
INSERT INTO `syslog` VALUES ('255', 'admin', 'admin', '[类名]:com.wangzhixuan.controller.RoleController,[方法]:editPage,[参数]:id=7&_=1449491758088&', '127.0.0.1', '2015-12-07 20:36:54');
INSERT INTO `syslog` VALUES ('256', 'admin', 'admin', '[类名]:com.wangzhixuan.controller.RoleController,[方法]:editPage,[参数]:id=7&_=1449491758089&', '127.0.0.1', '2015-12-07 20:37:11');
INSERT INTO `syslog` VALUES ('257', 'admin', 'admin', '[类名]:com.wangzhixuan.controller.RoleController,[方法]:grantPage,[参数]:id=7&_=1449491758090&', '127.0.0.1', '2015-12-07 20:37:14');
INSERT INTO `syslog` VALUES ('258', 'admin', 'admin', '[类名]:com.wangzhixuan.controller.RoleController,[方法]:grant,[参数]:id=7&resourceIds=1,14,141,142,143,222,223,224,221,226&', '127.0.0.1', '2015-12-07 20:37:18');
INSERT INTO `syslog` VALUES ('259', 'admin', 'admin', '[类名]:com.wangzhixuan.controller.RoleController,[方法]:editPage,[参数]:id=7&_=1449491758091&', '127.0.0.1', '2015-12-07 20:37:22');
INSERT INTO `syslog` VALUES ('260', 'admin', 'admin', '[类名]:com.wangzhixuan.controller.RoleController,[方法]:grantPage,[参数]:id=7&_=1449491758092&', '127.0.0.1', '2015-12-07 20:37:24');
INSERT INTO `syslog` VALUES ('261', 'admin', 'admin', '[类名]:com.wangzhixuan.controller.RoleController,[方法]:grantPage,[参数]:id=8&_=1449491758093&', '127.0.0.1', '2015-12-07 20:37:29');
INSERT INTO `syslog` VALUES ('262', 'admin', 'admin', '[类名]:com.wangzhixuan.controller.RoleController,[方法]:grantPage,[参数]:id=7&_=1449491758094&', '127.0.0.1', '2015-12-07 20:37:43');
INSERT INTO `syslog` VALUES ('263', 'admin', 'admin', '[类名]:com.wangzhixuan.controller.RoleController,[方法]:grantPage,[参数]:id=2&_=1449491758095&', '127.0.0.1', '2015-12-07 20:37:50');
INSERT INTO `syslog` VALUES ('264', 'admin', 'admin', '[类名]:com.wangzhixuan.controller.RoleController,[方法]:grant,[参数]:id=2&resourceIds=1,13,131,132,133,134,222,223,224,221,226&', '127.0.0.1', '2015-12-07 20:37:58');
INSERT INTO `syslog` VALUES ('265', 'admin', 'admin', '[类名]:com.wangzhixuan.controller.RoleController,[方法]:grantPage,[参数]:id=7&_=1449491758096&', '127.0.0.1', '2015-12-07 20:37:59');
INSERT INTO `syslog` VALUES ('266', 'admin', 'admin', '[类名]:com.wangzhixuan.controller.RoleController,[方法]:grantPage,[参数]:id=2&_=1449491758097&', '127.0.0.1', '2015-12-07 20:38:06');
INSERT INTO `syslog` VALUES ('267', 'admin', 'admin', '[类名]:com.wangzhixuan.controller.RoleController,[方法]:grant,[参数]:id=2&resourceIds=1,13,131,132,133,222,223,224,221,226&', '127.0.0.1', '2015-12-07 20:38:13');
INSERT INTO `syslog` VALUES ('268', 'admin', 'admin', '[类名]:com.wangzhixuan.controller.RoleController,[方法]:grantPage,[参数]:id=2&_=1449491758098&', '127.0.0.1', '2015-12-07 20:38:15');
INSERT INTO `syslog` VALUES ('269', 'admin', 'admin', '[类名]:com.wangzhixuan.controller.RoleController,[方法]:grant,[参数]:id=2&resourceIds=1,13,131,132,133,134,222,223,224,221,226&', '127.0.0.1', '2015-12-07 20:38:19');
INSERT INTO `syslog` VALUES ('270', 'admin', 'admin', '[类名]:com.wangzhixuan.controller.RoleController,[方法]:grantPage,[参数]:id=7&_=1449491758099&', '127.0.0.1', '2015-12-07 20:38:20');
INSERT INTO `syslog` VALUES ('271', 'admin', 'admin', '[类名]:com.wangzhixuan.controller.RoleController,[方法]:grant,[参数]:id=7&resourceIds=1,14,141,142,143,144,222,223,224,221,226&', '127.0.0.1', '2015-12-07 20:38:26');
INSERT INTO `syslog` VALUES ('272', 'admin', 'admin', '[类名]:com.wangzhixuan.controller.RoleController,[方法]:grantPage,[参数]:id=2&_=1449491758100&', '127.0.0.1', '2015-12-07 20:38:28');
INSERT INTO `syslog` VALUES ('273', 'admin', 'admin', '[类名]:com.wangzhixuan.controller.RoleController,[方法]:grant,[参数]:id=2&resourceIds=1,13,131,132,133,222,223,224,221,226&', '127.0.0.1', '2015-12-07 20:38:40');
INSERT INTO `syslog` VALUES ('274', 'admin', 'admin', '[类名]:com.wangzhixuan.controller.RoleController,[方法]:editPage,[参数]:id=2&_=1449491758101&', '127.0.0.1', '2015-12-07 20:38:42');
INSERT INTO `syslog` VALUES ('275', 'admin', 'admin', '[类名]:com.wangzhixuan.controller.RoleController,[方法]:editPage,[参数]:id=7&_=1449491758102&', '127.0.0.1', '2015-12-07 20:38:44');
INSERT INTO `syslog` VALUES ('276', 'admin', 'admin', '[类名]:com.wangzhixuan.controller.RoleController,[方法]:grantPage,[参数]:id=7&_=1449491758103&', '127.0.0.1', '2015-12-07 20:38:46');
INSERT INTO `syslog` VALUES ('277', 'admin', 'admin', '[类名]:com.wangzhixuan.controller.RoleController,[方法]:grant,[参数]:id=7&resourceIds=1,14,141,142,143,222,223,224,221,226&', '127.0.0.1', '2015-12-07 20:38:52');
INSERT INTO `syslog` VALUES ('278', 'admin', 'admin', '[类名]:com.wangzhixuan.controller.RoleController,[方法]:grantPage,[参数]:id=1&_=1449491758104&', '127.0.0.1', '2015-12-07 20:38:53');
INSERT INTO `syslog` VALUES ('279', 'admin', 'admin', '[类名]:com.wangzhixuan.controller.RoleController,[方法]:grant,[参数]:id=1&resourceIds=1,11,111,112,113,114,12,121,122,123,124,125,13,131,132,133,134,14,141,142,143,144,222,223,224,221,226&', '127.0.0.1', '2015-12-07 20:38:56');
INSERT INTO `syslog` VALUES ('280', 'admin', 'admin', '[类名]:com.wangzhixuan.controller.RoleController,[方法]:editPage,[参数]:id=8&_=1449491758105&', '127.0.0.1', '2015-12-07 20:38:58');
INSERT INTO `syslog` VALUES ('281', 'admin', 'admin', '[类名]:com.wangzhixuan.controller.RoleController,[方法]:grantPage,[参数]:id=7&_=1449491758106&', '127.0.0.1', '2015-12-07 20:39:01');
INSERT INTO `syslog` VALUES ('282', 'admin', 'admin', '[类名]:com.wangzhixuan.controller.RoleController,[方法]:grantPage,[参数]:id=8&_=1449491758107&', '127.0.0.1', '2015-12-07 20:39:24');
INSERT INTO `syslog` VALUES ('283', 'admin', 'admin', '[类名]:com.wangzhixuan.controller.RoleController,[方法]:grant,[参数]:id=8&resourceIds=1,11,111,12,121,13,131,14,141,222,223,224,221&', '127.0.0.1', '2015-12-07 20:39:31');
INSERT INTO `syslog` VALUES ('284', 'admin', 'admin', '[类名]:com.wangzhixuan.controller.RoleController,[方法]:grantPage,[参数]:id=7&_=1449491758108&', '127.0.0.1', '2015-12-07 20:39:33');
INSERT INTO `syslog` VALUES ('285', 'admin', 'admin', '[类名]:com.wangzhixuan.controller.RoleController,[方法]:grantPage,[参数]:id=2&_=1449491758109&', '127.0.0.1', '2015-12-07 20:39:41');
INSERT INTO `syslog` VALUES ('286', 'admin', 'admin', '[类名]:com.wangzhixuan.controller.RoleController,[方法]:grantPage,[参数]:id=1&_=1449491758110&', '127.0.0.1', '2015-12-07 20:39:47');
INSERT INTO `syslog` VALUES ('287', 'admin', 'admin', '[类名]:com.wangzhixuan.controller.LoginController,[方法]:logout,[参数]:null', '127.0.0.1', '2015-12-07 20:39:51');
INSERT INTO `syslog` VALUES ('288', 'test', 'admin', '[类名]:com.wangzhixuan.controller.LoginController,[方法]:logout,[参数]:null', '127.0.0.1', '2015-12-07 20:40:10');
INSERT INTO `syslog` VALUES ('289', 'admin', 'admin', '[类名]:com.wangzhixuan.controller.UserController,[方法]:editPwdPage,[参数]:', null, '2015-12-07 20:40:46');
INSERT INTO `syslog` VALUES ('290', 'admin', 'admin', '[类名]:com.wangzhixuan.controller.ResourceController,[方法]:editPage,[参数]:id=226&_=1449492036162&', '127.0.0.1', '2015-12-07 20:40:59');
INSERT INTO `syslog` VALUES ('291', 'admin', 'admin', '[类名]:com.wangzhixuan.controller.ResourceController,[方法]:edit,[参数]:id=226&icon=icon-edit&status=0&name=修改密码&seq=3&pid=&resourcetype=1&url=/user/editPwdPage&', '127.0.0.1', '2015-12-07 20:41:02');
INSERT INTO `syslog` VALUES ('292', 'admin', 'admin', '[类名]:com.wangzhixuan.controller.UserController,[方法]:editPage,[参数]:id=13&_=1449492036163&', '127.0.0.1', '2015-12-07 20:41:45');
INSERT INTO `syslog` VALUES ('293', 'admin', 'admin', '[类名]:com.wangzhixuan.controller.UserController,[方法]:edit,[参数]:id=13&loginname=snoopy&phone=18707173376&sex=0&status=0&age=25&name=snoopy&usertype=1&organizationId=3&password=123456qaz&roleIds=2&', '127.0.0.1', '2015-12-07 20:41:54');
INSERT INTO `syslog` VALUES ('294', 'admin', 'admin', '[类名]:com.wangzhixuan.controller.UserController,[方法]:editPage,[参数]:id=1&_=1449492036164&', '127.0.0.1', '2015-12-07 20:41:58');
INSERT INTO `syslog` VALUES ('295', 'admin', 'admin', '[类名]:com.wangzhixuan.controller.UserController,[方法]:edit,[参数]:id=1&loginname=admin&phone=18707173376&sex=0&status=0&age=25&name=admin&usertype=0&organizationId=1&password=123456qaz&roleIds=1&', '127.0.0.1', '2015-12-07 20:42:05');
INSERT INTO `syslog` VALUES ('296', 'admin', 'admin', '[类名]:com.wangzhixuan.controller.UserController,[方法]:editPage,[参数]:id=13&_=1449492036165&', '127.0.0.1', '2015-12-07 20:42:06');
INSERT INTO `syslog` VALUES ('297', 'admin', 'admin', '[类名]:com.wangzhixuan.controller.UserController,[方法]:edit,[参数]:id=13&loginname=snoopy&phone=18707173376&sex=0&status=0&age=25&name=snoopy&usertype=1&organizationId=3&password=qaz123456&roleIds=2&', '127.0.0.1', '2015-12-07 20:42:17');
INSERT INTO `syslog` VALUES ('298', 'admin', 'admin', '[类名]:com.wangzhixuan.controller.UserController,[方法]:editPage,[参数]:id=14&_=1449492036166&', '127.0.0.1', '2015-12-07 20:42:18');
INSERT INTO `syslog` VALUES ('299', 'admin', 'admin', '[类名]:com.wangzhixuan.controller.UserController,[方法]:edit,[参数]:id=14&loginname=dreamlu&phone=18707173376&sex=0&status=0&age=25&name=dreamlu&usertype=1&organizationId=5&password=qaz123456&roleIds=7&', '127.0.0.1', '2015-12-07 20:42:23');
INSERT INTO `syslog` VALUES ('300', 'admin', 'admin', '[类名]:com.wangzhixuan.controller.LoginController,[方法]:logout,[参数]:null', '127.0.0.1', '2015-12-07 20:42:28');
INSERT INTO `syslog` VALUES ('301', 'admin', 'admin', '[类名]:com.wangzhixuan.controller.LoginController,[方法]:logout,[参数]:null', '127.0.0.1', '2015-12-07 20:42:39');
INSERT INTO `syslog` VALUES ('302', 'admin', 'admin', '[类名]:com.wangzhixuan.controller.LoginController,[方法]:logout,[参数]:null', '127.0.0.1', '2015-12-07 20:42:59');
INSERT INTO `syslog` VALUES ('303', 'test', 'admin', '[类名]:com.wangzhixuan.controller.LoginController,[方法]:logout,[参数]:null', '127.0.0.1', '2015-12-07 20:43:16');
INSERT INTO `syslog` VALUES ('304', 'test', 'test', '[类名]:com.wangzhixuan.controller.LoginController,[方法]:login,[参数]:null', '0:0:0:0:0:0:0:1', '2016-05-13 23:25:20');
INSERT INTO `syslog` VALUES ('305', 'test', 'test', '[类名]:com.wangzhixuan.controller.LoginController,[方法]:loginPost,[参数]:username=test&password=test&', '0:0:0:0:0:0:0:1', '2016-05-13 23:25:23');
INSERT INTO `syslog` VALUES ('306', 'test', 'test', '[类名]:com.wangzhixuan.controller.LoginController,[方法]:login,[参数]:null', '0:0:0:0:0:0:0:1', '2016-05-13 23:33:25');
INSERT INTO `syslog` VALUES ('307', 'test', 'test', '[类名]:com.wangzhixuan.controller.LoginController,[方法]:loginPost,[参数]:username=test&password=test&', '0:0:0:0:0:0:0:1', '2016-05-13 23:33:27');
INSERT INTO `syslog` VALUES ('308', 'test', 'test', '[类名]:com.wangzhixuan.controller.LoginController,[方法]:login,[参数]:null', '0:0:0:0:0:0:0:1', '2016-05-13 23:52:02');
INSERT INTO `syslog` VALUES ('309', 'test', 'test', '[类名]:com.wangzhixuan.controller.LoginController,[方法]:loginPost,[参数]:username=test&password=test&', '0:0:0:0:0:0:0:1', '2016-05-13 23:52:08');
INSERT INTO `syslog` VALUES ('310', 'test', 'test', '[类名]:com.wangzhixuan.controller.LoginController,[方法]:login,[参数]:', null, '2016-06-14 17:04:38');
INSERT INTO `syslog` VALUES ('311', 'test', 'test', '[类名]:com.wangzhixuan.controller.LoginController,[方法]:loginPost,[参数]:username=test&password=test&', '0:0:0:0:0:0:0:1', '2016-06-14 17:05:02');
INSERT INTO `syslog` VALUES ('312', 'test', 'test', '[类名]:com.wangzhixuan.controller.LoginController,[方法]:login,[参数]:', null, '2016-06-14 17:10:50');
INSERT INTO `syslog` VALUES ('313', 'test', 'test', '[类名]:com.wangzhixuan.controller.LoginController,[方法]:login,[参数]:', null, '2016-06-14 17:10:50');
INSERT INTO `syslog` VALUES ('314', 'test', 'test', '[类名]:com.wangzhixuan.controller.LoginController,[方法]:loginPost,[参数]:username=test&password=test&', '0:0:0:0:0:0:0:1', '2016-06-14 17:10:54');
INSERT INTO `syslog` VALUES ('315', 'test', 'test', '[类名]:com.wangzhixuan.controller.LoginController,[方法]:login,[参数]:', null, '2016-06-14 17:10:57');
INSERT INTO `syslog` VALUES ('316', 'test', 'test', '[类名]:com.wangzhixuan.controller.LoginController,[方法]:login,[参数]:', null, '2016-06-14 17:12:36');
INSERT INTO `syslog` VALUES ('317', 'test', 'test', '[类名]:com.wangzhixuan.controller.LoginController,[方法]:loginPost,[参数]:username=test&password=test&', '0:0:0:0:0:0:0:1', '2016-06-14 17:12:38');
INSERT INTO `syslog` VALUES ('318', 'test', 'test', '[类名]:com.wangzhixuan.controller.LoginController,[方法]:login,[参数]:', null, '2016-06-14 17:17:20');
INSERT INTO `syslog` VALUES ('319', 'test', 'test', '[类名]:com.wangzhixuan.controller.LoginController,[方法]:login,[参数]:', null, '2016-06-14 17:17:27');
INSERT INTO `syslog` VALUES ('320', 'test', 'test', '[类名]:com.wangzhixuan.controller.LoginController,[方法]:loginPost,[参数]:username=test&password=test&', '0:0:0:0:0:0:0:1', '2016-06-14 17:17:29');
INSERT INTO `syslog` VALUES ('321', 'test', 'test', '[类名]:com.wangzhixuan.controller.LoginController,[方法]:login,[参数]:', null, '2016-06-14 18:16:23');
INSERT INTO `syslog` VALUES ('322', 'test', 'test', '[类名]:com.wangzhixuan.controller.LoginController,[方法]:loginPost,[参数]:username=test&password=test&', '0:0:0:0:0:0:0:1', '2016-06-14 18:16:30');
INSERT INTO `syslog` VALUES ('323', 'test', 'test', '[类名]:com.wangzhixuan.controller.LoginController,[方法]:login,[参数]:', null, '2016-07-12 19:16:35');
INSERT INTO `syslog` VALUES ('324', 'test', 'test', '[类名]:com.wangzhixuan.controller.LoginController,[方法]:loginPost,[参数]:username=admin&password=admin&', '0:0:0:0:0:0:0:1', '2016-07-12 19:16:37');
INSERT INTO `syslog` VALUES ('325', 'test', 'test', '[类名]:com.wangzhixuan.controller.LoginController,[方法]:loginPost,[参数]:username=test&password=test&', '0:0:0:0:0:0:0:1', '2016-07-12 19:16:43');
INSERT INTO `syslog` VALUES ('326', 'test', 'test', '[类名]:com.wangzhixuan.controller.LoginController,[方法]:login,[参数]:', null, '2016-07-18 18:20:11');
INSERT INTO `syslog` VALUES ('327', 'test', 'test', '[类名]:com.wangzhixuan.controller.LoginController,[方法]:login,[参数]:', null, '2016-07-25 13:09:44');
INSERT INTO `syslog` VALUES ('328', 'test', 'test', '[类名]:com.wangzhixuan.controller.LoginController,[方法]:login,[参数]:', null, '2016-07-25 13:10:54');
INSERT INTO `syslog` VALUES ('329', 'test', 'test', '[类名]:com.wangzhixuan.controller.LoginController,[方法]:login,[参数]:', null, '2016-07-25 13:16:07');
INSERT INTO `syslog` VALUES ('330', 'test', 'test', '[类名]:com.wangzhixuan.controller.LoginController,[方法]:logout,[参数]:', null, '2016-09-23 15:57:39');
INSERT INTO `syslog` VALUES ('331', 'test', 'test', '[类名]:com.wangzhixuan.controller.LoginController,[方法]:logout,[参数]:', null, '2016-09-30 09:54:30');
INSERT INTO `syslog` VALUES ('332', 'test', 'test', '[类名]:com.wangzhixuan.controller.LoginController,[方法]:login,[参数]:', null, '2016-09-30 10:11:02');
INSERT INTO `syslog` VALUES ('333', 'test', 'test', '[类名]:com.wangzhixuan.controller.LoginController,[方法]:logout,[参数]:', null, '2016-09-30 21:32:53');
INSERT INTO `syslog` VALUES ('334', 'admin', 'admin', '[类名]:com.wangzhixuan.controller.ResourceController,[方法]:editPage,[参数]:id=1&_=1475243708573&', '0:0:0:0:0:0:0:1', '2016-09-30 21:58:10');
INSERT INTO `syslog` VALUES ('335', 'admin', 'admin', '[类名]:com.wangzhixuan.controller.ResourceController,[方法]:editPage,[参数]:id=1&_=1475243708574&', '0:0:0:0:0:0:0:1', '2016-09-30 21:59:56');
INSERT INTO `syslog` VALUES ('336', 'admin', 'admin', '[类名]:com.wangzhixuan.controller.RoleController,[方法]:editPage,[参数]:id=1&_=1475244003906&', '0:0:0:0:0:0:0:1', '2016-09-30 22:00:19');
INSERT INTO `syslog` VALUES ('337', 'admin', 'admin', '[类名]:com.wangzhixuan.controller.ResourceController,[方法]:editPage,[参数]:id=131&_=1475244003907&', '0:0:0:0:0:0:0:1', '2016-09-30 22:00:37');
INSERT INTO `syslog` VALUES ('338', 'admin', 'admin', '[类名]:com.wangzhixuan.controller.ResourceController,[方法]:editPage,[参数]:id=1&_=1475244003908&', '0:0:0:0:0:0:0:1', '2016-09-30 22:01:40');
INSERT INTO `syslog` VALUES ('339', 'admin', 'admin', '[类名]:com.wangzhixuan.controller.ResourceController,[方法]:edit,[参数]:name=系统管理&icon=menu_icon_datadeal&pid=&id=1&resourcetype=0&url=&seq=0&status=0&', '0:0:0:0:0:0:0:1', '2016-09-30 22:01:45');
INSERT INTO `syslog` VALUES ('340', 'admin', 'admin', '[类名]:com.wangzhixuan.controller.ResourceController,[方法]:editPage,[参数]:id=1&_=1475244003909&', '0:0:0:0:0:0:0:1', '2016-09-30 22:03:08');
INSERT INTO `syslog` VALUES ('341', 'admin', 'admin', '[类名]:com.wangzhixuan.controller.ResourceController,[方法]:edit,[参数]:name=系统管理&icon=icon-company&pid=&id=1&resourcetype=0&url=&seq=0&status=0&', '0:0:0:0:0:0:0:1', '2016-09-30 22:03:12');
INSERT INTO `syslog` VALUES ('342', 'admin', 'admin', '[类名]:com.wangzhixuan.controller.ResourceController,[方法]:editPage,[参数]:id=11&_=1475244003910&', '0:0:0:0:0:0:0:1', '2016-09-30 22:03:28');
INSERT INTO `syslog` VALUES ('343', 'admin', 'admin', '[类名]:com.wangzhixuan.controller.ResourceController,[方法]:edit,[参数]:name=资源管理&icon=menu_icon_datadeal&pid=1&id=11&resourcetype=0&url=/resource/manager&seq=1&status=0&', '0:0:0:0:0:0:0:1', '2016-09-30 22:03:33');
INSERT INTO `syslog` VALUES ('344', 'admin', 'admin', '[类名]:com.wangzhixuan.controller.ResourceController,[方法]:editPage,[参数]:id=12&_=1475244003911&', '0:0:0:0:0:0:0:1', '2016-09-30 22:03:38');
INSERT INTO `syslog` VALUES ('345', 'admin', 'admin', '[类名]:com.wangzhixuan.controller.ResourceController,[方法]:edit,[参数]:name=角色管理&icon=menu_icon_datadeal&pid=1&id=12&resourcetype=0&url=/role/manager&seq=2&status=0&', '0:0:0:0:0:0:0:1', '2016-09-30 22:03:41');
INSERT INTO `syslog` VALUES ('346', 'admin', 'admin', '[类名]:com.wangzhixuan.controller.ResourceController,[方法]:editPage,[参数]:id=13&_=1475244003912&', '0:0:0:0:0:0:0:1', '2016-09-30 22:03:44');
INSERT INTO `syslog` VALUES ('347', 'admin', 'admin', '[类名]:com.wangzhixuan.controller.ResourceController,[方法]:edit,[参数]:name=用户管理&icon=menu_icon_datadeal&pid=1&id=13&resourcetype=0&url=/user/manager&seq=3&status=0&', '0:0:0:0:0:0:0:1', '2016-09-30 22:03:47');
INSERT INTO `syslog` VALUES ('348', 'admin', 'admin', '[类名]:com.wangzhixuan.controller.ResourceController,[方法]:editPage,[参数]:id=14&_=1475244003913&', '0:0:0:0:0:0:0:1', '2016-09-30 22:03:50');
INSERT INTO `syslog` VALUES ('349', 'admin', 'admin', '[类名]:com.wangzhixuan.controller.ResourceController,[方法]:edit,[参数]:name=部门管理&icon=menu_icon_datadeal&pid=1&id=14&resourcetype=0&url=/organization/manager&seq=4&status=0&', '0:0:0:0:0:0:0:1', '2016-09-30 22:03:53');
INSERT INTO `syslog` VALUES ('350', 'admin', 'admin', '[类名]:com.wangzhixuan.controller.ResourceController,[方法]:editPage,[参数]:id=223&_=1475244003914&', '0:0:0:0:0:0:0:1', '2016-09-30 22:03:57');
INSERT INTO `syslog` VALUES ('351', 'admin', 'admin', '[类名]:com.wangzhixuan.controller.ResourceController,[方法]:edit,[参数]:name=官方网站&icon=menu_icon_datadeal&pid=222&id=223&resourcetype=0&url=http://www.dreamlu.net/&seq=0&status=0&', '0:0:0:0:0:0:0:1', '2016-09-30 22:04:00');
INSERT INTO `syslog` VALUES ('352', 'admin', 'admin', '[类名]:com.wangzhixuan.controller.ResourceController,[方法]:editPage,[参数]:id=224&_=1475244003915&', '0:0:0:0:0:0:0:1', '2016-09-30 22:04:03');
INSERT INTO `syslog` VALUES ('353', 'admin', 'admin', '[类名]:com.wangzhixuan.controller.ResourceController,[方法]:edit,[参数]:name=jfinal视频&icon=menu_icon_datadeal&pid=222&id=224&resourcetype=0&url=http://blog.dreamlu.net/blog/79&seq=1&status=0&', '0:0:0:0:0:0:0:1', '2016-09-30 22:04:07');
INSERT INTO `syslog` VALUES ('354', 'admin', 'admin', '[类名]:com.wangzhixuan.controller.ResourceController,[方法]:addPage,[参数]:', null, '2016-09-30 22:04:23');
INSERT INTO `syslog` VALUES ('355', 'admin', 'admin', '[类名]:com.wangzhixuan.controller.ResourceController,[方法]:editPage,[参数]:id=1&_=1475244003917&', '0:0:0:0:0:0:0:1', '2016-09-30 22:09:39');
INSERT INTO `syslog` VALUES ('356', 'admin', 'admin', '[类名]:com.wangzhixuan.controller.ResourceController,[方法]:edit,[参数]:name=权限管理&icon=icon-company&pid=&id=1&resourcetype=0&url=&seq=0&status=0&', '0:0:0:0:0:0:0:1', '2016-09-30 22:09:54');
INSERT INTO `syslog` VALUES ('357', 'admin', 'admin', '[类名]:com.wangzhixuan.controller.ResourceController,[方法]:addPage,[参数]:', null, '2016-09-30 22:10:07');
INSERT INTO `syslog` VALUES ('358', 'admin', 'admin', '[类名]:com.wangzhixuan.controller.ResourceController,[方法]:editPage,[参数]:id=221&_=1475244003919&', '0:0:0:0:0:0:0:1', '2016-09-30 22:10:20');
INSERT INTO `syslog` VALUES ('359', 'admin', 'admin', '[类名]:com.wangzhixuan.controller.ResourceController,[方法]:edit,[参数]:name=日志监控&icon=icon-company&pid=&id=221&resourcetype=0&url=/sysLog/manager&seq=2&status=0&', '0:0:0:0:0:0:0:1', '2016-09-30 22:10:27');
INSERT INTO `syslog` VALUES ('360', 'admin', 'admin', '[类名]:com.wangzhixuan.controller.ResourceController,[方法]:addPage,[参数]:', null, '2016-09-30 22:10:30');
INSERT INTO `syslog` VALUES ('361', 'admin', 'admin', '[类名]:com.wangzhixuan.controller.ResourceController,[方法]:add,[参数]:name=日志管理&icon=&pid=221&resourcetype=0&url=&seq=0&status=0&', '0:0:0:0:0:0:0:1', '2016-09-30 22:10:53');
INSERT INTO `syslog` VALUES ('362', 'admin', 'admin', '[类名]:com.wangzhixuan.controller.ResourceController,[方法]:editPage,[参数]:id=221&_=1475244003921&', '0:0:0:0:0:0:0:1', '2016-09-30 22:11:16');
INSERT INTO `syslog` VALUES ('363', 'admin', 'admin', '[类名]:com.wangzhixuan.controller.ResourceController,[方法]:edit,[参数]:name=日志监控&icon=icon-company&pid=&id=221&resourcetype=0&url=&seq=2&status=0&', '0:0:0:0:0:0:0:1', '2016-09-30 22:11:23');
INSERT INTO `syslog` VALUES ('364', 'admin', 'admin', '[类名]:com.wangzhixuan.controller.ResourceController,[方法]:editPage,[参数]:id=227&_=1475244003922&', '0:0:0:0:0:0:0:1', '2016-09-30 22:11:27');
INSERT INTO `syslog` VALUES ('365', 'admin', 'admin', '[类名]:com.wangzhixuan.controller.ResourceController,[方法]:edit,[参数]:name=日志管理&icon=&pid=221&id=227&resourcetype=0&url=/sysLog/manager&seq=0&status=0&', '0:0:0:0:0:0:0:1', '2016-09-30 22:11:30');
INSERT INTO `syslog` VALUES ('366', 'admin', 'admin', '[类名]:com.wangzhixuan.controller.ResourceController,[方法]:editPage,[参数]:id=227&_=1475244003923&', '0:0:0:0:0:0:0:1', '2016-09-30 22:12:07');
INSERT INTO `syslog` VALUES ('367', 'admin', 'admin', '[类名]:com.wangzhixuan.controller.ResourceController,[方法]:edit,[参数]:name=日志管理&icon=menu_icon_datadeal&pid=221&id=227&resourcetype=0&url=/sysLog/manager&seq=0&status=0&', '0:0:0:0:0:0:0:1', '2016-09-30 22:12:10');
INSERT INTO `syslog` VALUES ('368', 'admin', 'admin', '[类名]:com.wangzhixuan.controller.ResourceController,[方法]:addPage,[参数]:', null, '2016-09-30 22:12:14');
INSERT INTO `syslog` VALUES ('369', 'admin', 'admin', '[类名]:com.wangzhixuan.controller.ResourceController,[方法]:add,[参数]:name=Druid监控&icon=menu_icon_datadeal&pid=221&resourcetype=0&url=/druid&seq=0&status=0&', '0:0:0:0:0:0:0:1', '2016-09-30 22:12:50');
INSERT INTO `syslog` VALUES ('370', 'admin', 'admin', '[类名]:com.wangzhixuan.controller.ResourceController,[方法]:editPage,[参数]:id=227&_=1475244781032&', '0:0:0:0:0:0:0:1', '2016-09-30 22:13:22');
INSERT INTO `syslog` VALUES ('371', 'admin', 'admin', '[类名]:com.wangzhixuan.controller.ResourceController,[方法]:edit,[参数]:name=登录日志&icon=menu_icon_datadeal&pid=221&id=227&resourcetype=0&url=/sysLog/manager&seq=0&status=0&', '0:0:0:0:0:0:0:1', '2016-09-30 22:13:25');
INSERT INTO `syslog` VALUES ('372', 'admin', 'admin', '[类名]:com.wangzhixuan.controller.UserController,[方法]:editPage,[参数]:id=14&_=1475244998505&', '0:0:0:0:0:0:0:1', '2016-09-30 22:17:22');
INSERT INTO `syslog` VALUES ('373', 'admin', 'admin', '[类名]:com.wangzhixuan.controller.RoleController,[方法]:grantPage,[参数]:id=1&_=1475244998506&', '0:0:0:0:0:0:0:1', '2016-09-30 22:17:43');
INSERT INTO `syslog` VALUES ('374', 'admin', 'admin', '[类名]:com.wangzhixuan.controller.RoleController,[方法]:grant,[参数]:id=1&resourceIds=1,11,111,112,113,114,12,121,122,123,124,125,13,131,132,133,134,14,141,142,143,144,222,223,224,221,227,228&', '0:0:0:0:0:0:0:1', '2016-09-30 22:17:48');
INSERT INTO `syslog` VALUES ('375', 'admin', 'admin', '[类名]:com.wangzhixuan.controller.RoleController,[方法]:grantPage,[参数]:id=2&_=1475244998507&', '0:0:0:0:0:0:0:1', '2016-09-30 22:17:55');
INSERT INTO `syslog` VALUES ('376', 'admin', 'admin', '[类名]:com.wangzhixuan.controller.RoleController,[方法]:grant,[参数]:id=2&resourceIds=1,13,131,132,133,222,223,224,221,227,228&', '0:0:0:0:0:0:0:1', '2016-09-30 22:18:03');
INSERT INTO `syslog` VALUES ('377', 'admin', 'admin', '[类名]:com.wangzhixuan.controller.RoleController,[方法]:grantPage,[参数]:id=7&_=1475244998508&', '0:0:0:0:0:0:0:1', '2016-09-30 22:18:07');
INSERT INTO `syslog` VALUES ('378', 'admin', 'admin', '[类名]:com.wangzhixuan.controller.RoleController,[方法]:grantPage,[参数]:id=8&_=1475244998509&', '0:0:0:0:0:0:0:1', '2016-09-30 22:18:15');
INSERT INTO `syslog` VALUES ('379', 'admin', 'admin', '[类名]:com.wangzhixuan.controller.RoleController,[方法]:grant,[参数]:id=8&resourceIds=1,11,111,12,121,13,131,14,141,222,223,224,221,227,228&', '0:0:0:0:0:0:0:1', '2016-09-30 22:18:32');
INSERT INTO `syslog` VALUES ('380', 'admin', 'admin', '[类名]:com.wangzhixuan.controller.RoleController,[方法]:grantPage,[参数]:id=7&_=1475244998510&', '0:0:0:0:0:0:0:1', '2016-09-30 22:18:38');
INSERT INTO `syslog` VALUES ('381', 'admin', 'admin', '[类名]:com.wangzhixuan.controller.RoleController,[方法]:grantPage,[参数]:id=1&_=1475244998511&', '0:0:0:0:0:0:0:1', '2016-09-30 22:18:44');

-- ----------------------------
-- Table structure for `user`
-- ----------------------------
DROP TABLE IF EXISTS `user`;
CREATE TABLE `user` (
  `id` bigint(19) NOT NULL AUTO_INCREMENT,
  `loginname` varchar(64) NOT NULL,
  `name` varchar(64) NOT NULL,
  `password` varchar(64) NOT NULL,
  `sex` tinyint(2) NOT NULL DEFAULT '0',
  `age` tinyint(2) DEFAULT '0',
  `usertype` tinyint(2) NOT NULL DEFAULT '0',
  `status` tinyint(2) NOT NULL DEFAULT '0',
  `organization_id` int(11) NOT NULL DEFAULT '0',
  `createdate` datetime NOT NULL,
  `phone` varchar(20) DEFAULT NULL,
  PRIMARY KEY (`id`)
) ENGINE=InnoDB AUTO_INCREMENT=16 DEFAULT CHARSET=utf8 COMMENT='用户';

-- ----------------------------
-- Records of user
-- ----------------------------
INSERT INTO `user` VALUES ('1', 'admin', 'admin', '098f6bcd4621d373cade4e832627b4f6', '0', '25', '0', '0', '1', '2015-12-06 13:14:05', '18707173376');
INSERT INTO `user` VALUES ('13', 'snoopy', 'snoopy', '098f6bcd4621d373cade4e832627b4f6', '0', '25', '1', '0', '3', '2015-10-01 13:12:07', '18707173376');
INSERT INTO `user` VALUES ('14', 'dreamlu', 'dreamlu', '098f6bcd4621d373cade4e832627b4f6', '0', '25', '1', '0', '5', '2015-10-11 23:12:58', '18707173376');
INSERT INTO `user` VALUES ('15', 'test', 'test', '098f6bcd4621d373cade4e832627b4f6', '0', '25', '1', '0', '6', '2015-12-06 13:13:03', '18707173376');

-- ----------------------------
-- Table structure for `user_role`
-- ----------------------------
DROP TABLE IF EXISTS `user_role`;
CREATE TABLE `user_role` (
  `id` bigint(19) NOT NULL AUTO_INCREMENT,
  `user_id` bigint(19) NOT NULL,
  `role_id` bigint(19) NOT NULL,
  PRIMARY KEY (`id`)
) ENGINE=InnoDB AUTO_INCREMENT=65 DEFAULT CHARSET=utf8 COMMENT='用户角色';

-- ----------------------------
-- Records of user_role
-- ----------------------------
INSERT INTO `user_role` VALUES ('53', '15', '8');
INSERT INTO `user_role` VALUES ('60', '1', '1');
INSERT INTO `user_role` VALUES ('61', '1', '2');
INSERT INTO `user_role` VALUES ('62', '1', '7');
INSERT INTO `user_role` VALUES ('63', '13', '2');
INSERT INTO `user_role` VALUES ('64', '14', '7');